Timestamp,Location_ID,Temperature_C,Humidity_%,Air_Quality_MQ135_raw
2024-02-01 00:00:00,Room_1,25.93,54.06,2533
2024-02-01 01:00:00,Room_1,27.37,53.37,2557
2024-02-01 02:00:00,Room_1,27.77,51.97,2584
2024-02-01 03:00:00,Room_1,26.01,53.71,2527
2024-02-01 04:00:00,Room_1,28.91,55.85,2477
2024-02-01 05:00:00,Room_1,29.1,55.06,2481
2024-02-01 06:00:00,Room_1,34.39,55.62,2561
2024-02-01 07:00:00,Room_1,35.55,56.91,2543
2024-02-01 08:00:00,Room_1,31.95,53.35,2600
2024-02-01 09:00:00,Room_1,28.39,51.38,2578
2024-02-01 10:00:00,Room_1,30.77,56.32,2575
2024-02-01 11:00:00,Room_1,34.84,49.25,2636
2024-02-01 12:00:00,Room_1,33.58,50.24,2589
2024-02-01 13:00:00,Room_1,32.11,55.87,2596
2024-02-01 14:00:00,Room_1,31.79,50.72,2564
2024-02-01 15:00:00,Room_1,28.99,53.73,2400
2024-02-01 16:00:00,Room_1,27.86,50.44,2684
2024-02-01 17:00:00,Room_1,29.98,54.72,2666
2024-02-01 18:00:00,Room_1,33.61,59.0,2579
2024-02-01 19:00:00,Room_1,27.29,52.05,2618
2024-02-01 20:00:00,Room_1,29.17,56.73,2552
2024-02-01 21:00:00,Room_1,29.51,52.86,2534
2024-02-01 22:00:00,Room_1,30.43,56.29,2765
2024-02-01 23:00:00,Room_1,23.53,50.43,2562
2024-02-02 00:00:00,Room_1,26.31,52.28,2476
2024-02-02 01:00:00,Room_1,27.11,57.14,2478
2024-02-02 02:00:00,Room_1,26.74,54.65,2580
2024-02-02 03:00:00,Room_1,30.95,49.64,2560
2024-02-02 04:00:00,Room_1,25.76,58.93,2683
2024-02-02 05:00:00,Room_1,27.08,59.39,2531
2024-02-02 06:00:00,Room_1,32.68,52.42,2629
2024-02-02 07:00:00,Room_1,32.27,49.27,2602
2024-02-02 08:00:00,Room_1,32.14,55.64,2554
2024-02-02 09:00:00,Room_1,32.31,54.88,2568
2024-02-02 10:00:00,Room_1,35.55,50.54,2586
2024-02-02 11:00:00,Room_1,29.57,49.44,2607
2024-02-02 12:00:00,Room_1,35.33,55.35,2461
2024-02-02 13:00:00,Room_1,31.67,57.25,2697
2024-02-02 14:00:00,Room_1,28.87,57.56,2498
2024-02-02 15:00:00,Room_1,33.12,52.75,2606
2024-02-02 16:00:00,Room_1,31.77,58.24,2493
2024-02-02 17:00:00,Room_1,33.57,49.24,2558
2024-02-02 18:00:00,Room_1,33.29,55.71,2628
2024-02-02 19:00:00,Room_1,24.73,58.02,2591
2024-02-02 20:00:00,Room_1,24.21,55.85,2545
2024-02-02 21:00:00,Room_1,24.51,61.9,2514
2024-02-02 22:00:00,Room_1,26.82,60.04,2646
2024-02-02 23:00:00,Room_1,27.97,53.4,2652
2024-02-03 00:00:00,Room_1,28.26,50.35,2553
2024-02-03 01:00:00,Room_1,26.18,54.3,2606
2024-02-03 02:00:00,Room_1,28.19,54.47,2643
2024-02-03 03:00:00,Room_1,29.31,49.65,2435
2024-02-03 04:00:00,Room_1,27.54,55.38,2671
2024-02-03 05:00:00,Room_1,29.0,57.28,2541
2024-02-03 06:00:00,Room_1,30.97,53.6,2493
2024-02-03 07:00:00,Room_1,35.39,50.01,2646
2024-02-03 08:00:00,Room_1,37.52,50.8,2574
2024-02-03 09:00:00,Room_1,30.61,54.46,2535
2024-02-03 10:00:00,Room_1,31.98,57.95,2688
2024-02-03 11:00:00,Room_1,34.21,57.57,2640
2024-02-03 12:00:00,Room_1,29.14,55.31,2717
2024-02-03 13:00:00,Room_1,31.78,53.33,2705
2024-02-03 14:00:00,Room_1,33.14,56.8,2576
2024-02-03 15:00:00,Room_1,29.12,50.02,2631
2024-02-03 16:00:00,Room_1,33.36,54.71,2527
2024-02-03 17:00:00,Room_1,32.85,56.17,2521
2024-02-03 18:00:00,Room_1,34.82,55.47,2617
2024-02-03 19:00:00,Room_1,25.42,53.45,2607
2024-02-03 20:00:00,Room_1,25.35,51.9,2653
2024-02-03 21:00:00,Room_1,28.35,53.93,2617
2024-02-03 22:00:00,Room_1,28.09,51.49,2524
2024-02-03 23:00:00,Room_1,30.25,56.41,2616
2024-02-04 00:00:00,Room_1,25.86,53.61,2489
2024-02-04 01:00:00,Room_1,28.15,51.74,2583
2024-02-04 02:00:00,Room_1,25.47,53.8,2639
2024-02-04 03:00:00,Room_1,28.76,59.95,2664
2024-02-04 04:00:00,Room_1,24.93,52.71,2463
2024-02-04 05:00:00,Room_1,26.27,55.82,2571
2024-02-04 06:00:00,Room_1,31.64,51.27,2581
2024-02-04 07:00:00,Room_1,36.73,52.57,2679
2024-02-04 08:00:00,Room_1,28.12,52.37,2579
2024-02-04 09:00:00,Room_1,35.93,57.09,2665
2024-02-04 10:00:00,Room_1,33.83,54.1,2400
2024-02-04 11:00:00,Room_1,34.37,49.9,2577
2024-02-04 12:00:00,Room_1,34.22,55.55,2538
2024-02-04 13:00:00,Room_1,28.61,48.7,2474
2024-02-04 14:00:00,Room_1,29.21,50.79,2711
2024-02-04 15:00:00,Room_1,33.52,50.84,2612
2024-02-04 16:00:00,Room_1,30.68,54.7,2617
2024-02-04 17:00:00,Room_1,33.56,57.72,2583
2024-02-04 18:00:00,Room_1,34.46,57.55,2685
2024-02-04 19:00:00,Room_1,27.11,55.43,2654
2024-02-04 20:00:00,Room_1,27.01,58.37,2485
2024-02-04 21:00:00,Room_1,25.61,48.7,2556
2024-02-04 22:00:00,Room_1,27.61,50.87,2763
2024-02-04 23:00:00,Room_1,27.71,54.0,2695
2024-02-05 00:00:00,Room_1,28.6,57.34,2583
2024-02-05 01:00:00,Room_1,27.77,57.12,2635
2024-02-05 02:00:00,Room_1,23.38,60.24,2744
2024-02-05 03:00:00,Room_1,26.19,60.19,2513
2024-02-05 04:00:00,Room_1,26.65,57.54,2524
2024-02-05 05:00:00,Room_1,28.09,58.38,2550
2024-02-05 06:00:00,Room_1,29.17,56.87,2669
2024-02-05 07:00:00,Room_1,32.89,54.36,2576
2024-02-05 08:00:00,Room_1,35.09,54.56,2637
2024-02-05 09:00:00,Room_1,33.1,52.15,2594
2024-02-05 10:00:00,Room_1,32.81,49.86,2664
2024-02-05 11:00:00,Room_1,34.0,52.6,2767
2024-02-05 12:00:00,Room_1,29.16,51.72,2527
2024-02-05 13:00:00,Room_1,35.44,48.65,2610
2024-02-05 14:00:00,Room_1,34.52,54.14,2589
2024-02-05 15:00:00,Room_1,32.47,52.75,2541
2024-02-05 16:00:00,Room_1,31.53,54.56,2712
2024-02-05 17:00:00,Room_1,31.93,54.48,2511
2024-02-05 18:00:00,Room_1,31.8,49.92,2563
2024-02-05 19:00:00,Room_1,29.65,55.99,2614
2024-02-05 20:00:00,Room_1,23.59,49.5,2508
2024-02-05 21:00:00,Room_1,28.71,55.71,2652
2024-02-05 22:00:00,Room_1,28.99,54.45,2591
2024-02-05 23:00:00,Room_1,27.18,55.0,2558
2024-02-06 00:00:00,Room_1,25.94,51.52,2703
2024-02-06 01:00:00,Room_1,29.69,52.51,2591
2024-02-06 02:00:00,Room_1,27.4,58.86,2490
2024-02-06 03:00:00,Room_1,27.19,55.78,2605
2024-02-06 04:00:00,Room_1,28.97,58.26,2557
2024-02-06 05:00:00,Room_1,27.57,57.14,2581
2024-02-06 06:00:00,Room_1,33.42,53.52,2706
2024-02-06 07:00:00,Room_1,32.16,50.34,2601
2024-02-06 08:00:00,Room_1,35.81,48.75,2491
2024-02-06 09:00:00,Room_1,31.33,49.95,2609
2024-02-06 10:00:00,Room_1,32.54,55.77,2630
2024-02-06 11:00:00,Room_1,33.05,48.14,2486
2024-02-06 12:00:00,Room_1,36.49,53.06,2561
2024-02-06 13:00:00,Room_1,32.91,47.48,2655
2024-02-06 14:00:00,Room_1,32.76,55.34,2516
2024-02-06 15:00:00,Room_1,35.53,51.84,2507
2024-02-06 16:00:00,Room_1,31.47,56.44,2732
2024-02-06 17:00:00,Room_1,32.16,58.14,2585
2024-02-06 18:00:00,Room_1,33.59,50.61,2731
2024-02-06 19:00:00,Room_1,28.44,51.53,2443
2024-02-06 20:00:00,Room_1,31.51,55.79,2550
2024-02-06 21:00:00,Room_1,28.46,53.69,2581
2024-02-06 22:00:00,Room_1,26.78,54.41,2602
2024-02-06 23:00:00,Room_1,31.98,52.89,2567
2024-02-07 00:00:00,Room_1,29.72,51.32,2526
2024-02-07 01:00:00,Room_1,25.63,53.31,2423
2024-02-07 02:00:00,Room_1,25.73,52.35,2737
2024-02-07 03:00:00,Room_1,27.9,52.89,2676
2024-02-07 04:00:00,Room_1,25.1,52.89,2433
2024-02-07 05:00:00,Room_1,28.31,57.6,2646
2024-02-07 06:00:00,Room_1,32.06,52.45,2472
2024-02-07 07:00:00,Room_1,33.24,49.46,2614
2024-02-07 08:00:00,Room_1,35.6,50.91,2575
2024-02-07 09:00:00,Room_1,34.68,50.45,2451
2024-02-07 10:00:00,Room_1,34.47,51.55,2748
2024-02-07 11:00:00,Room_1,34.74,54.39,2759
2024-02-07 12:00:00,Room_1,32.29,55.92,2564
2024-02-07 13:00:00,Room_1,33.45,48.73,2598
2024-02-07 14:00:00,Room_1,30.97,53.18,2587
2024-02-07 15:00:00,Room_1,35.16,48.36,2563
2024-02-07 16:00:00,Room_1,33.03,54.45,2678
2024-02-07 17:00:00,Room_1,32.2,53.43,2571
2024-02-07 18:00:00,Room_1,34.85,48.32,2677
2024-02-07 19:00:00,Room_1,26.75,53.06,2560
2024-02-07 20:00:00,Room_1,29.56,50.78,2499
2024-02-07 21:00:00,Room_1,27.71,52.35,2457
2024-02-07 22:00:00,Room_1,26.76,59.57,2680
2024-02-07 23:00:00,Room_1,29.23,53.26,2546
2024-02-08 00:00:00,Room_1,25.52,52.99,2578
2024-02-08 01:00:00,Room_1,30.12,52.84,2635
2024-02-08 02:00:00,Room_1,24.85,52.49,2630
2024-02-08 03:00:00,Room_1,30.24,51.89,2699
2024-02-08 04:00:00,Room_1,27.29,49.89,2648
2024-02-08 05:00:00,Room_1,27.1,53.85,2704
2024-02-08 06:00:00,Room_1,34.24,50.34,2688
2024-02-08 07:00:00,Room_1,30.85,49.87,2549
2024-02-08 08:00:00,Room_1,33.21,50.49,2563
2024-02-08 09:00:00,Room_1,30.14,55.21,2580
2024-02-08 10:00:00,Room_1,35.57,53.61,2540
2024-02-08 11:00:00,Room_1,35.45,56.86,2655
2024-02-08 12:00:00,Room_1,32.9,48.55,2608
2024-02-08 13:00:00,Room_1,32.74,55.48,2591
2024-02-08 14:00:00,Room_1,33.72,53.67,2532
2024-02-08 15:00:00,Room_1,37.83,58.42,2478
2024-02-08 16:00:00,Room_1,31.87,49.45,2484
2024-02-08 17:00:00,Room_1,33.41,48.45,2654
2024-02-08 18:00:00,Room_1,33.44,55.95,2581
2024-02-08 19:00:00,Room_1,29.45,58.52,2583
2024-02-08 20:00:00,Room_1,28.85,58.46,2563
2024-02-08 21:00:00,Room_1,30.84,51.95,2594
2024-02-08 22:00:00,Room_1,22.68,52.38,2498
2024-02-08 23:00:00,Room_1,27.65,60.85,2627
2024-02-09 00:00:00,Room_1,26.49,53.07,2628
2024-02-09 01:00:00,Room_1,23.14,56.05,2660
2024-02-09 02:00:00,Room_1,25.68,51.78,2608
2024-02-09 03:00:00,Room_1,27.68,49.25,2551
2024-02-09 04:00:00,Room_1,27.21,54.32,2430
2024-02-09 05:00:00,Room_1,29.35,49.51,2522
2024-02-09 06:00:00,Room_1,32.05,50.23,2679
2024-02-09 07:00:00,Room_1,36.65,49.56,2740
2024-02-09 08:00:00,Room_1,32.49,53.39,2509
2024-02-09 09:00:00,Room_1,28.69,51.78,2588
2024-02-09 10:00:00,Room_1,32.86,56.38,2726
2024-02-09 11:00:00,Room_1,35.74,57.08,2560
2024-02-09 12:00:00,Room_1,32.61,52.44,2584
2024-02-09 13:00:00,Room_1,32.56,53.81,2428
2024-02-09 14:00:00,Room_1,35.02,53.58,2564
2024-02-09 15:00:00,Room_1,33.96,54.47,2520
2024-02-09 16:00:00,Room_1,31.98,50.67,2635
2024-02-09 17:00:00,Room_1,30.52,50.87,2634
2024-02-09 18:00:00,Room_1,33.65,48.75,2498
2024-02-09 19:00:00,Room_1,30.28,53.85,2745
2024-02-09 20:00:00,Room_1,28.78,55.52,2566
2024-02-09 21:00:00,Room_1,30.65,55.13,2520
2024-02-09 22:00:00,Room_1,25.73,53.22,2637
2024-02-09 23:00:00,Room_1,29.64,57.31,2599
2024-02-10 00:00:00,Room_1,26.98,52.97,2574
2024-02-10 01:00:00,Room_1,26.12,56.54,2647
2024-02-10 02:00:00,Room_1,27.08,51.5,2646
2024-02-10 03:00:00,Room_1,29.98,55.06,2517
2024-02-10 04:00:00,Room_1,23.45,53.72,2581
2024-02-10 05:00:00,Room_1,26.97,54.73,2637
2024-02-10 06:00:00,Room_1,34.21,51.23,2514
2024-02-10 07:00:00,Room_1,31.72,53.38,2505
2024-02-10 08:00:00,Room_1,33.73,54.07,2657
2024-02-10 09:00:00,Room_1,31.15,54.05,2545
2024-02-10 10:00:00,Room_1,31.68,57.07,2553
2024-02-10 11:00:00,Room_1,33.81,49.75,2643
2024-02-10 12:00:00,Room_1,34.25,51.09,2613
2024-02-10 13:00:00,Room_1,34.19,58.52,2740
2024-02-10 14:00:00,Room_1,31.85,48.71,2527
2024-02-10 15:00:00,Room_1,32.91,49.7,2541
2024-02-10 16:00:00,Room_1,30.63,56.79,2764
2024-02-10 17:00:00,Room_1,30.88,52.98,2572
2024-02-10 18:00:00,Room_1,33.35,47.9,2511
2024-02-10 19:00:00,Room_1,28.25,52.53,2433
2024-02-10 20:00:00,Room_1,26.18,54.78,2488
2024-02-10 21:00:00,Room_1,28.93,54.12,2423
2024-02-10 22:00:00,Room_1,25.82,54.23,2477
2024-02-10 23:00:00,Room_1,21.98,54.28,2634
2024-02-11 00:00:00,Room_1,27.64,56.03,2587
2024-02-11 01:00:00,Room_1,24.16,59.09,2627
2024-02-11 02:00:00,Room_1,25.29,52.71,2588
2024-02-11 03:00:00,Room_1,28.16,53.23,2718
2024-02-11 04:00:00,Room_1,25.82,55.53,2654
2024-02-11 05:00:00,Room_1,28.66,54.0,2683
2024-02-11 06:00:00,Room_1,29.43,57.74,2570
2024-02-11 07:00:00,Room_1,35.52,48.89,2532
2024-02-11 08:00:00,Room_1,34.43,49.14,2589
2024-02-11 09:00:00,Room_1,34.3,51.5,2477
2024-02-11 10:00:00,Room_1,32.43,47.06,2690
2024-02-11 11:00:00,Room_1,30.58,51.03,2515
2024-02-11 12:00:00,Room_1,34.23,49.89,2688
2024-02-11 13:00:00,Room_1,34.99,48.05,2484
2024-02-11 14:00:00,Room_1,33.84,52.62,2565
2024-02-11 15:00:00,Room_1,32.43,53.84,2400
2024-02-11 16:00:00,Room_1,36.57,52.76,2444
2024-02-11 17:00:00,Room_1,30.48,47.85,2680
2024-02-11 18:00:00,Room_1,34.27,51.0,2566
2024-02-11 19:00:00,Room_1,30.28,55.91,2485
2024-02-11 20:00:00,Room_1,30.52,58.38,2544
2024-02-11 21:00:00,Room_1,27.5,54.53,2581
2024-02-11 22:00:00,Room_1,27.5,55.33,2617
2024-02-11 23:00:00,Room_1,26.22,56.71,2607
2024-02-12 00:00:00,Room_1,28.67,53.92,2400
2024-02-12 01:00:00,Room_1,27.33,59.71,2483
2024-02-12 02:00:00,Room_1,25.46,58.61,2496
2024-02-12 03:00:00,Room_1,26.54,53.57,2631
2024-02-12 04:00:00,Room_1,31.5,52.15,2684
2024-02-12 05:00:00,Room_1,25.39,55.07,2570
2024-02-12 06:00:00,Room_1,32.87,52.07,2765
2024-02-12 07:00:00,Room_1,32.76,48.47,2400
2024-02-12 08:00:00,Room_1,31.39,51.53,2471
2024-02-12 09:00:00,Room_1,32.29,50.71,2489
2024-02-12 10:00:00,Room_1,31.28,55.05,2505
2024-02-12 11:00:00,Room_1,34.68,56.23,2676
2024-02-12 12:00:00,Room_1,36.68,48.78,2525
2024-02-12 13:00:00,Room_1,36.47,54.23,2524
2024-02-12 14:00:00,Room_1,30.86,51.63,2558
2024-02-12 15:00:00,Room_1,33.97,48.6,2521
2024-02-12 16:00:00,Room_1,34.91,56.98,2509
2024-02-12 17:00:00,Room_1,31.56,58.95,2549
2024-02-12 18:00:00,Room_1,35.57,50.03,2623
2024-02-12 19:00:00,Room_1,31.72,51.67,2670
2024-02-12 20:00:00,Room_1,23.76,53.83,2608
2024-02-12 21:00:00,Room_1,27.01,55.04,2800
2024-02-12 22:00:00,Room_1,26.55,51.72,2525
2024-02-12 23:00:00,Room_1,23.28,50.28,2605
2024-02-13 00:00:00,Room_1,26.17,55.54,2727
2024-02-13 01:00:00,Room_1,28.94,51.6,2608
2024-02-13 02:00:00,Room_1,25.49,52.29,2467
2024-02-13 03:00:00,Room_1,26.51,58.8,2691
2024-02-13 04:00:00,Room_1,25.17,57.62,2741
2024-02-13 05:00:00,Room_1,28.21,57.14,2648
2024-02-13 06:00:00,Room_1,31.12,48.67,2539
2024-02-13 07:00:00,Room_1,29.62,55.88,2767
2024-02-13 08:00:00,Room_1,31.63,58.83,2480
2024-02-13 09:00:00,Room_1,34.61,48.61,2638
2024-02-13 10:00:00,Room_1,30.96,51.25,2566
2024-02-13 11:00:00,Room_1,32.37,52.36,2478
2024-02-13 12:00:00,Room_1,32.17,52.59,2690
2024-02-13 13:00:00,Room_1,33.13,54.68,2677
2024-02-13 14:00:00,Room_1,31.88,54.97,2518
2024-02-13 15:00:00,Room_1,35.66,51.76,2665
2024-02-13 16:00:00,Room_1,33.92,51.55,2554
2024-02-13 17:00:00,Room_1,31.51,50.37,2618
2024-02-13 18:00:00,Room_1,34.9,51.52,2608
2024-02-13 19:00:00,Room_1,26.61,58.18,2482
2024-02-13 20:00:00,Room_1,26.6,57.72,2508
2024-02-13 21:00:00,Room_1,29.8,51.85,2613
2024-02-13 22:00:00,Room_1,28.09,57.94,2669
2024-02-13 23:00:00,Room_1,28.49,56.21,2559
2024-02-14 00:00:00,Room_1,28.12,52.78,2764
2024-02-14 01:00:00,Room_1,30.7,52.18,2627
2024-02-14 02:00:00,Room_1,25.95,53.08,2503
2024-02-14 03:00:00,Room_1,26.77,52.36,2489
2024-02-14 04:00:00,Room_1,27.11,53.85,2405
2024-02-14 05:00:00,Room_1,28.3,57.47,2587
2024-02-14 06:00:00,Room_1,32.26,50.54,2498
2024-02-14 07:00:00,Room_1,30.39,52.74,2588
2024-02-14 08:00:00,Room_1,32.27,50.3,2550
2024-02-14 09:00:00,Room_1,33.71,55.6,2617
2024-02-14 10:00:00,Room_1,29.2,58.2,2677
2024-02-14 11:00:00,Room_1,32.03,48.19,2569
2024-02-14 12:00:00,Room_1,31.82,53.87,2627
2024-02-14 13:00:00,Room_1,34.53,51.76,2700
2024-02-14 14:00:00,Room_1,32.57,49.77,2551
2024-02-14 15:00:00,Room_1,32.76,57.46,2629
2024-02-14 16:00:00,Room_1,33.32,54.71,2601
2024-02-14 17:00:00,Room_1,35.5,55.31,2592
2024-02-14 18:00:00,Room_1,33.08,54.78,2622
2024-02-14 19:00:00,Room_1,26.85,51.61,2649
2024-02-14 20:00:00,Room_1,29.14,56.17,2649
2024-02-14 21:00:00,Room_1,28.36,48.77,2607
2024-02-14 22:00:00,Room_1,30.17,50.34,2664
2024-02-14 23:00:00,Room_1,26.45,52.02,2488
2024-02-15 00:00:00,Room_1,24.91,52.67,2569
2024-02-15 01:00:00,Room_1,31.97,60.04,2510
2024-02-15 02:00:00,Room_1,24.47,51.03,2595
2024-02-15 03:00:00,Room_1,27.84,60.89,2586
2024-02-15 04:00:00,Room_1,29.95,51.28,2563
2024-02-15 05:00:00,Room_1,28.26,59.27,2492
2024-02-15 06:00:00,Room_1,32.9,54.21,2431
2024-02-15 07:00:00,Room_1,32.46,55.8,2409
2024-02-15 08:00:00,Room_1,31.72,49.26,2692
2024-02-15 09:00:00,Room_1,33.02,49.14,2555
2024-02-15 10:00:00,Room_1,33.41,54.98,2729
2024-02-15 11:00:00,Room_1,31.15,47.9,2403
2024-02-15 12:00:00,Room_1,33.36,57.73,2704
2024-02-15 13:00:00,Room_1,36.11,54.12,2497
2024-02-15 14:00:00,Room_1,32.9,59.94,2650
2024-02-15 15:00:00,Room_1,33.99,54.67,2575
2024-02-15 16:00:00,Room_1,35.72,58.35,2768
2024-02-15 17:00:00,Room_1,31.09,53.24,2584
2024-02-15 18:00:00,Room_1,31.27,55.5,2443
2024-02-15 19:00:00,Room_1,23.5,58.99,2452
2024-02-15 20:00:00,Room_1,25.21,55.98,2592
2024-02-15 21:00:00,Room_1,26.73,59.87,2579
2024-02-15 22:00:00,Room_1,26.16,52.85,2597
2024-02-15 23:00:00,Room_1,25.74,56.32,2687
2024-02-16 00:00:00,Room_1,30.93,49.31,2504
2024-02-16 01:00:00,Room_1,23.02,52.6,2718
2024-02-16 02:00:00,Room_1,24.78,56.99,2550
2024-02-16 03:00:00,Room_1,27.84,49.43,2565
2024-02-16 04:00:00,Room_1,26.76,55.71,2584
2024-02-16 05:00:00,Room_1,27.48,58.74,2560
2024-02-16 06:00:00,Room_1,34.36,58.33,2578
2024-02-16 07:00:00,Room_1,33.12,53.67,2689
2024-02-16 08:00:00,Room_1,32.62,51.45,2524
2024-02-16 09:00:00,Room_1,35.76,47.55,2562
2024-02-16 10:00:00,Room_1,34.11,51.59,2604
2024-02-16 11:00:00,Room_1,32.5,48.73,2566
2024-02-16 12:00:00,Room_1,32.79,54.33,2610
2024-02-16 13:00:00,Room_1,30.0,54.95,2726
2024-02-16 14:00:00,Room_1,36.58,52.05,2580
2024-02-16 15:00:00,Room_1,33.55,49.99,2609
2024-02-16 16:00:00,Room_1,30.44,48.13,2484
2024-02-16 17:00:00,Room_1,30.01,54.22,2557
2024-02-16 18:00:00,Room_1,31.34,54.09,2610
2024-02-16 19:00:00,Room_1,24.05,56.66,2594
2024-02-16 20:00:00,Room_1,29.34,54.26,2648
2024-02-16 21:00:00,Room_1,28.1,58.15,2509
2024-02-16 22:00:00,Room_1,26.46,53.4,2540
2024-02-16 23:00:00,Room_1,25.23,56.15,2529
2024-02-17 00:00:00,Room_1,26.99,50.5,2645
2024-02-17 01:00:00,Room_1,27.63,49.0,2505
2024-02-17 02:00:00,Room_1,31.66,56.43,2400
2024-02-17 03:00:00,Room_1,30.02,54.92,2556
2024-02-17 04:00:00,Room_1,28.74,55.55,2578
2024-02-17 05:00:00,Room_1,28.65,52.99,2537
2024-02-17 06:00:00,Room_1,36.75,56.87,2745
2024-02-17 07:00:00,Room_1,35.84,52.38,2435
2024-02-17 08:00:00,Room_1,35.4,49.07,2445
2024-02-17 09:00:00,Room_1,33.74,57.95,2611
2024-02-17 10:00:00,Room_1,28.57,57.61,2675
2024-02-17 11:00:00,Room_1,31.54,47.24,2540
2024-02-17 12:00:00,Room_1,32.57,48.82,2479
2024-02-17 13:00:00,Room_1,31.76,54.1,2409
2024-02-17 14:00:00,Room_1,29.76,55.89,2654
2024-02-17 15:00:00,Room_1,31.48,56.96,2542
2024-02-17 16:00:00,Room_1,35.46,56.56,2720
2024-02-17 17:00:00,Room_1,28.24,50.93,2531
2024-02-17 18:00:00,Room_1,34.12,53.51,2541
2024-02-17 19:00:00,Room_1,27.04,54.96,2508
2024-02-17 20:00:00,Room_1,25.79,55.01,2712
2024-02-17 21:00:00,Room_1,26.21,52.3,2576
2024-02-17 22:00:00,Room_1,29.18,54.54,2657
2024-02-17 23:00:00,Room_1,25.3,55.15,2400
2024-02-18 00:00:00,Room_1,25.12,54.93,2680
2024-02-18 01:00:00,Room_1,29.9,56.41,2570
2024-02-18 02:00:00,Room_1,29.61,56.31,2566
2024-02-18 03:00:00,Room_1,28.49,50.09,2661
2024-02-18 04:00:00,Room_1,26.91,56.29,2621
2024-02-18 05:00:00,Room_1,25.83,58.02,2532
2024-02-18 06:00:00,Room_1,30.23,47.39,2611
2024-02-18 07:00:00,Room_1,30.98,57.15,2457
2024-02-18 08:00:00,Room_1,35.91,48.39,2605
2024-02-18 09:00:00,Room_1,32.74,55.71,2634
2024-02-18 10:00:00,Room_1,31.76,54.54,2555
2024-02-18 11:00:00,Room_1,31.1,53.48,2588
2024-02-18 12:00:00,Room_1,32.13,55.59,2473
2024-02-18 13:00:00,Room_1,32.96,56.28,2522
2024-02-18 14:00:00,Room_1,34.76,56.78,2448
2024-02-18 15:00:00,Room_1,35.08,60.53,2511
2024-02-18 16:00:00,Room_1,31.66,49.16,2670
2024-02-18 17:00:00,Room_1,31.32,57.19,2536
2024-02-18 18:00:00,Room_1,29.89,53.41,2661
2024-02-18 19:00:00,Room_1,31.65,51.84,2562
2024-02-18 20:00:00,Room_1,28.44,49.95,2738
2024-02-18 21:00:00,Room_1,26.38,53.79,2593
2024-02-18 22:00:00,Room_1,27.12,59.59,2547
2024-02-18 23:00:00,Room_1,26.62,53.65,2561
2024-02-19 00:00:00,Room_1,28.22,59.7,2673
2024-02-19 01:00:00,Room_1,29.85,56.94,2581
2024-02-19 02:00:00,Room_1,29.93,58.86,2632
2024-02-19 03:00:00,Room_1,25.95,52.63,2576
2024-02-19 04:00:00,Room_1,29.83,55.58,2571
2024-02-19 05:00:00,Room_1,29.41,54.18,2490
2024-02-19 06:00:00,Room_1,35.37,50.26,2600
2024-02-19 07:00:00,Room_1,31.08,51.49,2597
2024-02-19 08:00:00,Room_1,32.06,49.81,2724
2024-02-19 09:00:00,Room_1,30.59,55.3,2636
2024-02-19 10:00:00,Room_1,29.52,48.52,2585
2024-02-19 11:00:00,Room_1,31.77,52.87,2565
2024-02-19 12:00:00,Room_1,33.99,50.77,2452
2024-02-19 13:00:00,Room_1,30.93,48.31,2462
2024-02-19 14:00:00,Room_1,34.65,53.38,2561
2024-02-19 15:00:00,Room_1,34.27,50.35,2494
2024-02-19 16:00:00,Room_1,34.18,56.1,2562
2024-02-19 17:00:00,Room_1,31.85,56.31,2531
2024-02-19 18:00:00,Room_1,33.8,48.2,2709
2024-02-19 19:00:00,Room_1,30.11,59.76,2654
2024-02-19 20:00:00,Room_1,24.71,57.5,2596
2024-02-19 21:00:00,Room_1,30.95,58.46,2429
2024-02-19 22:00:00,Room_1,30.47,54.25,2549
2024-02-19 23:00:00,Room_1,26.51,56.93,2619
2024-02-20 00:00:00,Room_1,30.61,59.02,2535
2024-02-20 01:00:00,Room_1,24.87,50.95,2539
2024-02-20 02:00:00,Room_1,30.79,54.67,2625
2024-02-20 03:00:00,Room_1,26.0,49.82,2491
2024-02-20 04:00:00,Room_1,27.93,55.85,2694
2024-02-20 05:00:00,Room_1,29.99,51.13,2544
2024-02-20 06:00:00,Room_1,34.98,55.07,2599
2024-02-20 07:00:00,Room_1,33.74,53.11,2634
2024-02-20 08:00:00,Room_1,31.98,56.61,2544
2024-02-20 09:00:00,Room_1,34.68,48.69,2486
2024-02-20 10:00:00,Room_1,32.33,49.18,2710
2024-02-20 11:00:00,Room_1,28.7,51.6,2561
2024-02-20 12:00:00,Room_1,34.01,49.68,2625
2024-02-20 13:00:00,Room_1,33.38,56.74,2585
2024-02-20 14:00:00,Room_1,30.52,51.71,2484
2024-02-20 15:00:00,Room_1,32.6,51.19,2657
2024-02-20 16:00:00,Room_1,31.69,55.19,2647
2024-02-20 17:00:00,Room_1,28.3,56.58,2550
2024-02-20 18:00:00,Room_1,28.65,49.6,2564
2024-02-20 19:00:00,Room_1,22.96,54.04,2417
2024-02-20 20:00:00,Room_1,24.71,48.84,2675
2024-02-20 21:00:00,Room_1,24.64,55.65,2570
2024-02-20 22:00:00,Room_1,30.7,50.37,2585
2024-02-20 23:00:00,Room_1,30.38,57.91,2736
2024-02-21 00:00:00,Room_1,29.3,56.07,2456
2024-02-21 01:00:00,Room_1,24.81,54.55,2577
2024-02-21 02:00:00,Room_1,27.73,50.78,2658
2024-02-21 03:00:00,Room_1,27.31,58.79,2590
2024-02-21 04:00:00,Room_1,29.79,54.85,2730
2024-02-21 05:00:00,Room_1,28.41,55.53,2604
2024-02-21 06:00:00,Room_1,31.68,53.61,2674
2024-02-21 07:00:00,Room_1,33.4,53.18,2471
2024-02-21 08:00:00,Room_1,33.51,50.08,2763
2024-02-21 09:00:00,Room_1,30.64,49.1,2512
2024-02-21 10:00:00,Room_1,29.98,52.44,2468
2024-02-21 11:00:00,Room_1,34.13,51.98,2507
2024-02-21 12:00:00,Room_1,35.21,49.96,2616
2024-02-21 13:00:00,Room_1,33.17,55.46,2608
2024-02-21 14:00:00,Room_1,30.69,48.65,2642
2024-02-21 15:00:00,Room_1,33.75,57.98,2780
2024-02-21 16:00:00,Room_1,31.59,58.74,2493
2024-02-21 17:00:00,Room_1,34.8,54.04,2525
2024-02-21 18:00:00,Room_1,31.79,57.1,2539
2024-02-21 19:00:00,Room_1,28.71,53.88,2538
2024-02-21 20:00:00,Room_1,32.05,53.19,2567
2024-02-21 21:00:00,Room_1,28.64,50.89,2690
2024-02-21 22:00:00,Room_1,28.07,57.87,2564
2024-02-21 23:00:00,Room_1,24.36,57.1,2630
2024-02-22 00:00:00,Room_1,30.0,57.71,2587
2024-02-22 01:00:00,Room_1,25.79,54.45,2567
2024-02-22 02:00:00,Room_1,27.99,57.47,2703
2024-02-22 03:00:00,Room_1,26.46,55.63,2591
2024-02-22 04:00:00,Room_1,24.97,48.49,2577
2024-02-22 05:00:00,Room_1,27.33,58.53,2420
2024-02-22 06:00:00,Room_1,30.94,56.24,2684
2024-02-22 07:00:00,Room_1,30.59,59.93,2661
2024-02-22 08:00:00,Room_1,33.8,59.41,2609
2024-02-22 09:00:00,Room_1,31.22,53.88,2653
2024-02-22 10:00:00,Room_1,37.99,51.24,2708
2024-02-22 11:00:00,Room_1,32.16,52.67,2652
2024-02-22 12:00:00,Room_1,31.9,54.39,2534
2024-02-22 13:00:00,Room_1,30.63,53.95,2696
2024-02-22 14:00:00,Room_1,33.33,55.65,2516
2024-02-22 15:00:00,Room_1,31.38,49.23,2551
2024-02-22 16:00:00,Room_1,34.77,57.06,2574
2024-02-22 17:00:00,Room_1,33.23,48.64,2446
2024-02-22 18:00:00,Room_1,34.43,60.02,2508
2024-02-22 19:00:00,Room_1,23.86,51.12,2476
2024-02-22 20:00:00,Room_1,30.76,50.93,2608
2024-02-22 21:00:00,Room_1,29.19,52.67,2690
2024-02-22 22:00:00,Room_1,26.89,56.61,2624
2024-02-22 23:00:00,Room_1,25.94,53.79,2520
2024-02-23 00:00:00,Room_1,29.77,54.7,2566
2024-02-23 01:00:00,Room_1,24.79,54.44,2604
2024-02-23 02:00:00,Room_1,24.48,54.23,2601
2024-02-23 03:00:00,Room_1,29.95,58.86,2564
2024-02-23 04:00:00,Room_1,29.83,59.77,2548
2024-02-23 05:00:00,Room_1,30.1,60.09,2565
2024-02-23 06:00:00,Room_1,34.83,46.24,2696
2024-02-23 07:00:00,Room_1,32.41,49.67,2589
2024-02-23 08:00:00,Room_1,33.23,52.81,2591
2024-02-23 09:00:00,Room_1,34.72,48.23,2529
2024-02-23 10:00:00,Room_1,32.38,53.77,2611
2024-02-23 11:00:00,Room_1,32.81,56.49,2538
2024-02-23 12:00:00,Room_1,33.51,56.88,2563
2024-02-23 13:00:00,Room_1,30.44,54.74,2571
2024-02-23 14:00:00,Room_1,32.66,49.52,2689
2024-02-23 15:00:00,Room_1,31.06,58.83,2603
2024-02-23 16:00:00,Room_1,34.1,56.03,2483
2024-02-23 17:00:00,Room_1,32.36,50.46,2558
2024-02-23 18:00:00,Room_1,30.69,54.42,2614
2024-02-23 19:00:00,Room_1,27.58,53.5,2508
2024-02-23 20:00:00,Room_1,26.0,56.65,2498
2024-02-23 21:00:00,Room_1,26.2,58.8,2767
2024-02-23 22:00:00,Room_1,30.69,54.93,2576
2024-02-23 23:00:00,Room_1,24.91,56.92,2727
2024-02-24 00:00:00,Room_1,26.8,56.31,2596
2024-02-24 01:00:00,Room_1,26.2,57.65,2557
2024-02-24 02:00:00,Room_1,31.32,58.52,2522
2024-02-24 03:00:00,Room_1,24.33,56.74,2519
2024-02-24 04:00:00,Room_1,27.91,53.5,2413
2024-02-24 05:00:00,Room_1,28.12,55.06,2691
2024-02-24 06:00:00,Room_1,28.38,48.69,2638
2024-02-24 07:00:00,Room_1,32.46,49.51,2514
2024-02-24 08:00:00,Room_1,31.48,55.9,2632
2024-02-24 09:00:00,Room_1,32.21,58.91,2554
2024-02-24 10:00:00,Room_1,37.36,57.56,2706
2024-02-24 11:00:00,Room_1,33.39,54.1,2540
2024-02-24 12:00:00,Room_1,33.28,50.32,2626
2024-02-24 13:00:00,Room_1,30.92,51.12,2590
2024-02-24 14:00:00,Room_1,34.99,56.79,2495
2024-02-24 15:00:00,Room_1,31.69,52.03,2442
2024-02-24 16:00:00,Room_1,33.3,50.61,2658
2024-02-24 17:00:00,Room_1,30.15,47.76,2705
2024-02-24 18:00:00,Room_1,32.57,50.25,2502
2024-02-24 19:00:00,Room_1,26.7,51.05,2583
2024-02-24 20:00:00,Room_1,27.38,53.97,2635
2024-02-24 21:00:00,Room_1,27.58,58.81,2718
2024-02-24 22:00:00,Room_1,29.64,58.81,2599
2024-02-24 23:00:00,Room_1,29.6,51.26,2548
2024-02-25 00:00:00,Room_1,29.09,52.36,2562
2024-02-25 01:00:00,Room_1,30.02,57.61,2466
2024-02-25 02:00:00,Room_1,27.16,55.53,2481
2024-02-25 03:00:00,Room_1,26.47,57.31,2546
2024-02-25 04:00:00,Room_1,27.07,55.73,2553
2024-02-25 05:00:00,Room_1,29.24,51.02,2619
2024-02-25 06:00:00,Room_1,34.1,48.96,2627
2024-02-25 07:00:00,Room_1,33.62,54.08,2453
2024-02-25 08:00:00,Room_1,33.33,52.94,2589
2024-02-25 09:00:00,Room_1,31.97,56.66,2677
2024-02-25 10:00:00,Room_1,32.96,54.08,2591
2024-02-25 11:00:00,Room_1,35.83,48.82,2499
2024-02-25 12:00:00,Room_1,31.07,49.21,2441
2024-02-25 13:00:00,Room_1,37.58,55.33,2674
2024-02-25 14:00:00,Room_1,31.8,50.11,2629
2024-02-25 15:00:00,Room_1,30.64,49.92,2634
2024-02-25 16:00:00,Room_1,32.33,51.15,2558
2024-02-25 17:00:00,Room_1,35.77,50.85,2648
2024-02-25 18:00:00,Room_1,34.7,52.7,2622
2024-02-25 19:00:00,Room_1,30.14,56.54,2669
2024-02-25 20:00:00,Room_1,27.73,49.3,2473
2024-02-25 21:00:00,Room_1,26.8,50.77,2504
2024-02-25 22:00:00,Room_1,27.06,60.31,2553
2024-02-25 23:00:00,Room_1,30.32,52.31,2664
2024-02-26 00:00:00,Room_1,29.52,59.42,2694
2024-02-26 01:00:00,Room_1,27.49,58.39,2591
2024-02-26 02:00:00,Room_1,26.93,54.14,2604
2024-02-26 03:00:00,Room_1,30.76,54.64,2557
2024-02-26 04:00:00,Room_1,27.91,58.04,2553
2024-02-26 05:00:00,Room_1,26.98,53.93,2676
2024-02-26 06:00:00,Room_1,34.14,51.7,2742
2024-02-26 07:00:00,Room_1,35.11,52.85,2461
2024-02-26 08:00:00,Room_1,39.64,52.16,2564
2024-02-26 09:00:00,Room_1,34.63,53.51,2545
2024-02-26 10:00:00,Room_1,34.1,49.13,2728
2024-02-26 11:00:00,Room_1,30.05,55.3,2598
2024-02-26 12:00:00,Room_1,32.61,56.39,2592
2024-02-26 13:00:00,Room_1,31.43,50.22,2778
2024-02-26 14:00:00,Room_1,33.66,47.58,2753
2024-02-26 15:00:00,Room_1,33.98,58.36,2723
2024-02-26 16:00:00,Room_1,35.84,52.21,2705
2024-02-26 17:00:00,Room_1,35.45,55.05,2596
2024-02-26 18:00:00,Room_1,32.62,48.42,2533
2024-02-26 19:00:00,Room_1,30.79,59.04,2673
2024-02-26 20:00:00,Room_1,28.55,50.05,2618
2024-02-26 21:00:00,Room_1,31.27,51.53,2635
2024-02-26 22:00:00,Room_1,24.24,53.58,2539
2024-02-26 23:00:00,Room_1,26.7,53.57,2683
2024-02-27 00:00:00,Room_1,27.91,51.79,2642
2024-02-27 01:00:00,Room_1,25.79,57.11,2509
2024-02-27 02:00:00,Room_1,27.36,60.99,2400
2024-02-27 03:00:00,Room_1,25.11,56.1,2658
2024-02-27 04:00:00,Room_1,28.02,54.64,2716
2024-02-27 05:00:00,Room_1,23.54,48.99,2488
2024-02-27 06:00:00,Room_1,33.86,54.81,2596
2024-02-27 07:00:00,Room_1,31.83,52.99,2556
2024-02-27 08:00:00,Room_1,33.01,55.19,2484
2024-02-27 09:00:00,Room_1,31.93,47.23,2431
2024-02-27 10:00:00,Room_1,34.91,52.07,2569
2024-02-27 11:00:00,Room_1,28.97,53.04,2501
2024-02-27 12:00:00,Room_1,32.46,52.06,2573
2024-02-27 13:00:00,Room_1,32.91,47.01,2687
2024-02-27 14:00:00,Room_1,29.74,54.92,2540
2024-02-27 15:00:00,Room_1,30.64,57.18,2503
2024-02-27 16:00:00,Room_1,33.06,54.35,2652
2024-02-27 17:00:00,Room_1,31.65,53.64,2491
2024-02-27 18:00:00,Room_1,35.55,56.41,2465
2024-02-27 19:00:00,Room_1,29.85,58.05,2601
2024-02-27 20:00:00,Room_1,23.61,52.47,2738
2024-02-27 21:00:00,Room_1,28.32,57.82,2721
2024-02-27 22:00:00,Room_1,28.58,53.33,2496
2024-02-27 23:00:00,Room_1,28.56,53.21,2451
2024-02-28 00:00:00,Room_1,27.21,57.19,2472
2024-02-28 01:00:00,Room_1,28.14,57.57,2599
2024-02-28 02:00:00,Room_1,31.61,52.43,2700
2024-02-28 03:00:00,Room_1,23.68,56.06,2614
2024-02-28 04:00:00,Room_1,28.66,56.55,2529
2024-02-28 05:00:00,Room_1,27.4,53.09,2720
2024-02-28 06:00:00,Room_1,31.19,49.05,2548
2024-02-28 07:00:00,Room_1,32.8,50.07,2726
2024-02-28 08:00:00,Room_1,31.45,51.08,2656
2024-02-28 09:00:00,Room_1,34.54,52.59,2480
2024-02-28 10:00:00,Room_1,33.69,49.77,2453
2024-02-28 11:00:00,Room_1,33.16,53.52,2576
2024-02-28 12:00:00,Room_1,31.47,53.0,2653
2024-02-28 13:00:00,Room_1,34.3,56.93,2400
2024-02-28 14:00:00,Room_1,29.06,55.19,2620
2024-02-28 15:00:00,Room_1,31.38,54.04,2594
2024-02-28 16:00:00,Room_1,31.02,52.0,2620
2024-02-28 17:00:00,Room_1,33.09,52.16,2537
2024-02-28 18:00:00,Room_1,29.72,53.5,2666
2024-02-28 19:00:00,Room_1,28.44,59.15,2482
2024-02-28 20:00:00,Room_1,26.61,55.35,2682
2024-02-28 21:00:00,Room_1,25.84,54.89,2617
2024-02-28 22:00:00,Room_1,29.02,51.26,2503
2024-02-28 23:00:00,Room_1,26.71,56.87,2567
2024-02-29 00:00:00,Room_1,25.14,54.9,2614
2024-02-29 01:00:00,Room_1,28.41,54.94,2588
2024-02-29 02:00:00,Room_1,27.55,57.75,2506
2024-02-29 03:00:00,Room_1,31.05,53.2,2570
2024-02-29 04:00:00,Room_1,30.63,55.64,2619
2024-02-29 05:00:00,Room_1,29.06,54.33,2532
2024-02-29 06:00:00,Room_1,36.09,49.33,2636
2024-02-29 07:00:00,Room_1,32.44,52.63,2620
2024-02-29 08:00:00,Room_1,28.61,51.49,2586
2024-02-29 09:00:00,Room_1,32.77,58.0,2697
2024-02-29 10:00:00,Room_1,36.78,53.55,2606
2024-02-29 11:00:00,Room_1,33.46,53.42,2548
2024-02-29 12:00:00,Room_1,29.51,48.32,2684
2024-02-29 13:00:00,Room_1,31.55,57.35,2539
2024-02-29 14:00:00,Room_1,31.96,53.72,2491
2024-02-29 15:00:00,Room_1,31.78,54.52,2680
2024-02-29 16:00:00,Room_1,33.96,58.76,2496
2024-02-29 17:00:00,Room_1,27.91,47.52,2522
2024-02-29 18:00:00,Room_1,32.23,50.77,2698
2024-02-29 19:00:00,Room_1,26.55,53.89,2717
2024-02-29 20:00:00,Room_1,28.99,59.21,2638
2024-02-29 21:00:00,Room_1,28.01,55.66,2678
2024-02-29 22:00:00,Room_1,26.59,51.35,2527
2024-02-29 23:00:00,Room_1,27.88,52.09,2695
2024-03-01 00:00:00,Room_1,23.02,45.26,2658
2024-03-01 01:00:00,Room_1,28.26,44.85,2622
2024-03-01 02:00:00,Room_1,27.61,50.3,2401
2024-03-01 03:00:00,Room_1,25.23,52.67,2745
2024-03-01 04:00:00,Room_1,30.06,43.71,2495
2024-03-01 05:00:00,Room_1,28.36,43.69,2469
2024-03-01 06:00:00,Room_1,30.21,50.3,2768
2024-03-01 07:00:00,Room_1,32.46,45.41,2611
2024-03-01 08:00:00,Room_1,32.18,43.68,2614
2024-03-01 09:00:00,Room_1,29.92,50.8,2517
2024-03-01 10:00:00,Room_1,35.45,50.59,2505
2024-03-01 11:00:00,Room_1,33.35,46.72,2477
2024-03-01 12:00:00,Room_1,34.28,47.66,2562
2024-03-01 13:00:00,Room_1,30.75,47.39,2556
2024-03-01 14:00:00,Room_1,32.38,50.89,2672
2024-03-01 15:00:00,Room_1,34.83,50.24,2536
2024-03-01 16:00:00,Room_1,31.38,45.38,2713
2024-03-01 17:00:00,Room_1,35.07,42.49,2559
2024-03-01 18:00:00,Room_1,32.05,44.45,2614
2024-03-01 19:00:00,Room_1,28.85,51.98,2615
2024-03-01 20:00:00,Room_1,25.74,48.29,2452
2024-03-01 21:00:00,Room_1,26.46,50.79,2651
2024-03-01 22:00:00,Room_1,29.02,48.62,2570
2024-03-01 23:00:00,Room_1,27.34,53.01,2579
2024-03-02 00:00:00,Room_1,27.59,49.96,2697
2024-03-02 01:00:00,Room_1,27.23,54.83,2544
2024-03-02 02:00:00,Room_1,27.33,51.56,2529
2024-03-02 03:00:00,Room_1,28.24,48.64,2609
2024-03-02 04:00:00,Room_1,26.09,51.14,2466
2024-03-02 05:00:00,Room_1,29.05,52.48,2623
2024-03-02 06:00:00,Room_1,30.69,49.68,2544
2024-03-02 07:00:00,Room_1,34.24,50.23,2645
2024-03-02 08:00:00,Room_1,30.14,43.62,2723
2024-03-02 09:00:00,Room_1,30.07,43.18,2500
2024-03-02 10:00:00,Room_1,31.39,51.96,2453
2024-03-02 11:00:00,Room_1,35.5,49.3,2685
2024-03-02 12:00:00,Room_1,31.75,47.92,2460
2024-03-02 13:00:00,Room_1,33.41,48.95,2521
2024-03-02 14:00:00,Room_1,33.08,46.48,2568
2024-03-02 15:00:00,Room_1,31.13,50.48,2661
2024-03-02 16:00:00,Room_1,33.44,50.74,2585
2024-03-02 17:00:00,Room_1,35.56,49.98,2565
2024-03-02 18:00:00,Room_1,31.34,53.01,2658
2024-03-02 19:00:00,Room_1,30.39,50.61,2702
2024-03-02 20:00:00,Room_1,30.2,51.59,2539
2024-03-02 21:00:00,Room_1,28.69,54.68,2647
2024-03-02 22:00:00,Room_1,24.79,47.98,2729
2024-03-02 23:00:00,Room_1,26.86,45.66,2593
2024-03-03 00:00:00,Room_1,26.29,53.54,2429
2024-03-03 01:00:00,Room_1,26.88,51.57,2505
2024-03-03 02:00:00,Room_1,26.21,49.09,2534
2024-03-03 03:00:00,Room_1,30.11,52.88,2540
2024-03-03 04:00:00,Room_1,29.99,51.84,2563
2024-03-03 05:00:00,Room_1,26.42,48.14,2580
2024-03-03 06:00:00,Room_1,32.86,46.81,2702
2024-03-03 07:00:00,Room_1,30.43,49.56,2512
2024-03-03 08:00:00,Room_1,29.82,42.18,2533
2024-03-03 09:00:00,Room_1,32.5,50.75,2416
2024-03-03 10:00:00,Room_1,28.39,48.72,2722
2024-03-03 11:00:00,Room_1,34.91,48.93,2493
2024-03-03 12:00:00,Room_1,35.38,50.66,2614
2024-03-03 13:00:00,Room_1,30.21,54.25,2784
2024-03-03 14:00:00,Room_1,31.19,52.56,2571
2024-03-03 15:00:00,Room_1,34.44,46.96,2590
2024-03-03 16:00:00,Room_1,30.99,50.91,2721
2024-03-03 17:00:00,Room_1,33.19,49.54,2582
2024-03-03 18:00:00,Room_1,36.42,51.31,2411
2024-03-03 19:00:00,Room_1,23.33,47.88,2556
2024-03-03 20:00:00,Room_1,29.19,54.08,2744
2024-03-03 21:00:00,Room_1,29.94,50.88,2520
2024-03-03 22:00:00,Room_1,28.5,48.69,2589
2024-03-03 23:00:00,Room_1,26.99,44.96,2626
2024-03-04 00:00:00,Room_1,27.26,48.09,2614
2024-03-04 01:00:00,Room_1,24.43,52.27,2655
2024-03-04 02:00:00,Room_1,23.71,52.53,2645
2024-03-04 03:00:00,Room_1,26.07,48.32,2586
2024-03-04 04:00:00,Room_1,25.59,44.11,2605
2024-03-04 05:00:00,Room_1,25.83,55.23,2585
2024-03-04 06:00:00,Room_1,34.5,47.55,2553
2024-03-04 07:00:00,Room_1,28.37,54.84,2689
2024-03-04 08:00:00,Room_1,34.44,46.39,2779
2024-03-04 09:00:00,Room_1,32.8,41.87,2564
2024-03-04 10:00:00,Room_1,37.13,47.43,2577
2024-03-04 11:00:00,Room_1,30.34,49.04,2612
2024-03-04 12:00:00,Room_1,29.02,48.74,2699
2024-03-04 13:00:00,Room_1,33.94,49.46,2629
2024-03-04 14:00:00,Room_1,33.11,48.61,2460
2024-03-04 15:00:00,Room_1,31.37,50.02,2578
2024-03-04 16:00:00,Room_1,33.57,43.9,2513
2024-03-04 17:00:00,Room_1,34.88,51.14,2526
2024-03-04 18:00:00,Room_1,31.08,50.46,2800
2024-03-04 19:00:00,Room_1,24.9,54.78,2577
2024-03-04 20:00:00,Room_1,34.19,56.68,2610
2024-03-04 21:00:00,Room_1,27.27,47.77,2553
2024-03-04 22:00:00,Room_1,27.29,45.53,2411
2024-03-04 23:00:00,Room_1,27.66,52.9,2577
2024-03-05 00:00:00,Room_1,22.89,52.68,2676
2024-03-05 01:00:00,Room_1,27.37,49.59,2579
2024-03-05 02:00:00,Room_1,26.43,46.89,2691
2024-03-05 03:00:00,Room_1,26.48,55.79,2646
2024-03-05 04:00:00,Room_1,25.6,48.28,2625
2024-03-05 05:00:00,Room_1,27.91,53.73,2611
2024-03-05 06:00:00,Room_1,31.95,50.53,2614
2024-03-05 07:00:00,Room_1,31.86,52.6,2597
2024-03-05 08:00:00,Room_1,31.39,49.82,2623
2024-03-05 09:00:00,Room_1,33.63,49.72,2483
2024-03-05 10:00:00,Room_1,35.64,47.12,2675
2024-03-05 11:00:00,Room_1,35.0,52.35,2543
2024-03-05 12:00:00,Room_1,30.04,46.99,2546
2024-03-05 13:00:00,Room_1,31.05,42.99,2557
2024-03-05 14:00:00,Room_1,32.99,52.92,2640
2024-03-05 15:00:00,Room_1,30.25,47.18,2676
2024-03-05 16:00:00,Room_1,35.31,43.92,2596
2024-03-05 17:00:00,Room_1,29.15,46.78,2611
2024-03-05 18:00:00,Room_1,31.15,44.61,2587
2024-03-05 19:00:00,Room_1,28.35,54.33,2755
2024-03-05 20:00:00,Room_1,28.33,48.53,2538
2024-03-05 21:00:00,Room_1,26.62,46.33,2563
2024-03-05 22:00:00,Room_1,28.14,46.84,2629
2024-03-05 23:00:00,Room_1,27.65,49.45,2616
2024-03-06 00:00:00,Room_1,27.98,53.58,2630
2024-03-06 01:00:00,Room_1,25.2,55.39,2620
2024-03-06 02:00:00,Room_1,24.97,51.48,2610
2024-03-06 03:00:00,Room_1,28.63,51.34,2501
2024-03-06 04:00:00,Room_1,27.09,48.5,2557
2024-03-06 05:00:00,Room_1,27.64,46.48,2518
2024-03-06 06:00:00,Room_1,31.42,44.57,2501
2024-03-06 07:00:00,Room_1,32.54,43.46,2639
2024-03-06 08:00:00,Room_1,37.58,49.59,2684
2024-03-06 09:00:00,Room_1,28.88,43.69,2465
2024-03-06 10:00:00,Room_1,29.04,52.2,2703
2024-03-06 11:00:00,Room_1,31.03,47.41,2705
2024-03-06 12:00:00,Room_1,33.61,49.95,2519
2024-03-06 13:00:00,Room_1,34.65,47.87,2564
2024-03-06 14:00:00,Room_1,33.88,44.05,2543
2024-03-06 15:00:00,Room_1,32.41,44.79,2800
2024-03-06 16:00:00,Room_1,32.8,44.57,2670
2024-03-06 17:00:00,Room_1,30.01,47.62,2530
2024-03-06 18:00:00,Room_1,30.24,44.03,2600
2024-03-06 19:00:00,Room_1,25.39,47.1,2531
2024-03-06 20:00:00,Room_1,24.1,50.81,2546
2024-03-06 21:00:00,Room_1,25.18,52.02,2665
2024-03-06 22:00:00,Room_1,28.45,42.47,2468
2024-03-06 23:00:00,Room_1,25.64,48.77,2561
2024-03-07 00:00:00,Room_1,27.17,52.88,2561
2024-03-07 01:00:00,Room_1,27.44,46.9,2559
2024-03-07 02:00:00,Room_1,22.48,47.21,2683
2024-03-07 03:00:00,Room_1,23.33,51.07,2641
2024-03-07 04:00:00,Room_1,28.15,49.34,2595
2024-03-07 05:00:00,Room_1,28.09,48.1,2574
2024-03-07 06:00:00,Room_1,30.68,46.69,2749
2024-03-07 07:00:00,Room_1,29.99,48.36,2641
2024-03-07 08:00:00,Room_1,34.86,43.08,2681
2024-03-07 09:00:00,Room_1,31.39,43.6,2651
2024-03-07 10:00:00,Room_1,34.2,48.8,2463
2024-03-07 11:00:00,Room_1,34.63,47.34,2675
2024-03-07 12:00:00,Room_1,33.96,49.88,2563
2024-03-07 13:00:00,Room_1,35.48,45.99,2504
2024-03-07 14:00:00,Room_1,32.26,44.93,2466
2024-03-07 15:00:00,Room_1,31.6,49.26,2429
2024-03-07 16:00:00,Room_1,34.78,52.44,2621
2024-03-07 17:00:00,Room_1,32.19,48.21,2567
2024-03-07 18:00:00,Room_1,32.67,44.94,2573
2024-03-07 19:00:00,Room_1,28.84,53.32,2493
2024-03-07 20:00:00,Room_1,27.68,45.86,2607
2024-03-07 21:00:00,Room_1,26.66,49.54,2681
2024-03-07 22:00:00,Room_1,25.19,53.08,2710
2024-03-07 23:00:00,Room_1,28.38,49.47,2527
2024-03-08 00:00:00,Room_1,27.26,51.28,2553
2024-03-08 01:00:00,Room_1,28.75,53.26,2421
2024-03-08 02:00:00,Room_1,29.51,53.13,2431
2024-03-08 03:00:00,Room_1,29.14,52.31,2495
2024-03-08 04:00:00,Room_1,29.74,51.0,2513
2024-03-08 05:00:00,Room_1,26.38,52.29,2600
2024-03-08 06:00:00,Room_1,33.48,49.83,2488
2024-03-08 07:00:00,Room_1,29.66,49.34,2553
2024-03-08 08:00:00,Room_1,32.49,52.36,2548
2024-03-08 09:00:00,Room_1,31.21,51.56,2651
2024-03-08 10:00:00,Room_1,29.13,48.6,2629
2024-03-08 11:00:00,Room_1,35.04,51.39,2552
2024-03-08 12:00:00,Room_1,32.42,49.64,2574
2024-03-08 13:00:00,Room_1,33.84,46.43,2501
2024-03-08 14:00:00,Room_1,34.34,43.96,2550
2024-03-08 15:00:00,Room_1,36.54,50.76,2650
2024-03-08 16:00:00,Room_1,31.01,50.12,2428
2024-03-08 17:00:00,Room_1,30.27,49.84,2606
2024-03-08 18:00:00,Room_1,33.12,51.33,2681
2024-03-08 19:00:00,Room_1,25.73,48.5,2638
2024-03-08 20:00:00,Room_1,29.68,53.0,2502
2024-03-08 21:00:00,Room_1,28.58,45.98,2591
2024-03-08 22:00:00,Room_1,29.64,47.22,2707
2024-03-08 23:00:00,Room_1,27.82,57.02,2523
2024-03-09 00:00:00,Room_1,25.32,47.67,2687
2024-03-09 01:00:00,Room_1,24.13,52.79,2643
2024-03-09 02:00:00,Room_1,29.26,45.64,2504
2024-03-09 03:00:00,Room_1,28.74,46.87,2615
2024-03-09 04:00:00,Room_1,23.5,53.4,2531
2024-03-09 05:00:00,Room_1,23.95,47.66,2689
2024-03-09 06:00:00,Room_1,35.63,46.85,2529
2024-03-09 07:00:00,Room_1,33.64,48.61,2565
2024-03-09 08:00:00,Room_1,34.88,51.54,2561
2024-03-09 09:00:00,Room_1,33.74,50.17,2483
2024-03-09 10:00:00,Room_1,30.53,49.23,2572
2024-03-09 11:00:00,Room_1,32.7,48.86,2602
2024-03-09 12:00:00,Room_1,28.92,49.96,2526
2024-03-09 13:00:00,Room_1,33.98,51.89,2707
2024-03-09 14:00:00,Room_1,32.76,47.87,2599
2024-03-09 15:00:00,Room_1,32.4,46.59,2643
2024-03-09 16:00:00,Room_1,29.55,51.2,2698
2024-03-09 17:00:00,Room_1,32.89,50.87,2521
2024-03-09 18:00:00,Room_1,33.98,54.15,2501
2024-03-09 19:00:00,Room_1,29.22,49.99,2553
2024-03-09 20:00:00,Room_1,29.56,54.2,2596
2024-03-09 21:00:00,Room_1,29.25,52.31,2533
2024-03-09 22:00:00,Room_1,24.95,52.13,2608
2024-03-09 23:00:00,Room_1,29.31,54.98,2677
2024-03-10 00:00:00,Room_1,24.18,54.26,2675
2024-03-10 01:00:00,Room_1,30.24,49.01,2559
2024-03-10 02:00:00,Room_1,27.4,54.32,2766
2024-03-10 03:00:00,Room_1,29.01,50.09,2699
2024-03-10 04:00:00,Room_1,29.85,45.56,2753
2024-03-10 05:00:00,Room_1,27.0,49.15,2615
2024-03-10 06:00:00,Room_1,30.26,43.73,2658
2024-03-10 07:00:00,Room_1,36.62,52.01,2447
2024-03-10 08:00:00,Room_1,34.16,45.35,2642
2024-03-10 09:00:00,Room_1,31.19,49.4,2561
2024-03-10 10:00:00,Room_1,29.58,46.27,2533
2024-03-10 11:00:00,Room_1,33.34,51.46,2522
2024-03-10 12:00:00,Room_1,34.28,53.76,2559
2024-03-10 13:00:00,Room_1,33.15,47.3,2547
2024-03-10 14:00:00,Room_1,31.82,47.61,2580
2024-03-10 15:00:00,Room_1,34.42,45.67,2596
2024-03-10 16:00:00,Room_1,34.02,54.79,2645
2024-03-10 17:00:00,Room_1,31.67,50.74,2662
2024-03-10 18:00:00,Room_1,35.92,49.75,2509
2024-03-10 19:00:00,Room_1,26.56,50.34,2668
2024-03-10 20:00:00,Room_1,29.67,50.37,2510
2024-03-10 21:00:00,Room_1,27.42,51.91,2539
2024-03-10 22:00:00,Room_1,26.99,48.76,2702
2024-03-10 23:00:00,Room_1,29.4,50.78,2648
2024-03-11 00:00:00,Room_1,25.94,48.0,2537
2024-03-11 01:00:00,Room_1,26.47,47.79,2559
2024-03-11 02:00:00,Room_1,25.26,45.44,2684
2024-03-11 03:00:00,Room_1,27.47,52.73,2556
2024-03-11 04:00:00,Room_1,27.29,51.43,2566
2024-03-11 05:00:00,Room_1,30.17,49.87,2624
2024-03-11 06:00:00,Room_1,31.74,48.26,2614
2024-03-11 07:00:00,Room_1,33.83,49.83,2631
2024-03-11 08:00:00,Room_1,31.76,47.3,2462
2024-03-11 09:00:00,Room_1,35.5,45.76,2662
2024-03-11 10:00:00,Room_1,32.18,44.89,2444
2024-03-11 11:00:00,Room_1,36.32,46.41,2609
2024-03-11 12:00:00,Room_1,35.02,48.91,2573
2024-03-11 13:00:00,Room_1,31.07,49.95,2581
2024-03-11 14:00:00,Room_1,31.22,47.81,2503
2024-03-11 15:00:00,Room_1,34.93,45.14,2630
2024-03-11 16:00:00,Room_1,31.91,44.35,2535
2024-03-11 17:00:00,Room_1,35.3,45.85,2515
2024-03-11 18:00:00,Room_1,32.04,47.02,2743
2024-03-11 19:00:00,Room_1,25.98,52.62,2568
2024-03-11 20:00:00,Room_1,26.27,48.7,2564
2024-03-11 21:00:00,Room_1,29.27,50.12,2576
2024-03-11 22:00:00,Room_1,27.93,44.92,2585
2024-03-11 23:00:00,Room_1,29.63,51.03,2631
2024-03-12 00:00:00,Room_1,31.75,49.09,2557
2024-03-12 01:00:00,Room_1,29.3,48.84,2540
2024-03-12 02:00:00,Room_1,23.72,54.14,2613
2024-03-12 03:00:00,Room_1,27.91,53.83,2651
2024-03-12 04:00:00,Room_1,25.75,48.47,2557
2024-03-12 05:00:00,Room_1,27.41,49.14,2590
2024-03-12 06:00:00,Room_1,31.75,44.69,2545
2024-03-12 07:00:00,Room_1,32.85,43.03,2483
2024-03-12 08:00:00,Room_1,34.89,46.02,2715
2024-03-12 09:00:00,Room_1,31.92,48.99,2729
2024-03-12 10:00:00,Room_1,34.06,49.92,2554
2024-03-12 11:00:00,Room_1,33.0,49.72,2629
2024-03-12 12:00:00,Room_1,36.45,43.52,2456
2024-03-12 13:00:00,Room_1,34.48,48.92,2555
2024-03-12 14:00:00,Room_1,31.46,50.07,2800
2024-03-12 15:00:00,Room_1,30.3,49.45,2672
2024-03-12 16:00:00,Room_1,33.1,45.98,2744
2024-03-12 17:00:00,Room_1,32.42,47.81,2656
2024-03-12 18:00:00,Room_1,37.11,50.28,2601
2024-03-12 19:00:00,Room_1,27.76,42.55,2665
2024-03-12 20:00:00,Room_1,24.3,48.68,2411
2024-03-12 21:00:00,Room_1,24.84,49.25,2734
2024-03-12 22:00:00,Room_1,28.72,46.8,2547
2024-03-12 23:00:00,Room_1,24.41,45.39,2756
2024-03-13 00:00:00,Room_1,27.66,52.57,2499
2024-03-13 01:00:00,Room_1,25.22,48.44,2638
2024-03-13 02:00:00,Room_1,26.67,51.47,2676
2024-03-13 03:00:00,Room_1,26.59,49.65,2442
2024-03-13 04:00:00,Room_1,27.99,51.69,2707
2024-03-13 05:00:00,Room_1,26.85,47.46,2566
2024-03-13 06:00:00,Room_1,31.19,42.21,2554
2024-03-13 07:00:00,Room_1,31.75,47.11,2596
2024-03-13 08:00:00,Room_1,32.21,43.8,2543
2024-03-13 09:00:00,Room_1,34.39,54.19,2522
2024-03-13 10:00:00,Room_1,30.26,49.02,2549
2024-03-13 11:00:00,Room_1,34.63,46.89,2494
2024-03-13 12:00:00,Room_1,33.72,45.58,2481
2024-03-13 13:00:00,Room_1,30.89,52.18,2583
2024-03-13 14:00:00,Room_1,31.59,53.5,2567
2024-03-13 15:00:00,Room_1,29.46,49.63,2706
2024-03-13 16:00:00,Room_1,32.71,46.44,2467
2024-03-13 17:00:00,Room_1,36.27,50.33,2571
2024-03-13 18:00:00,Room_1,35.82,42.63,2546
2024-03-13 19:00:00,Room_1,30.47,45.08,2530
2024-03-13 20:00:00,Room_1,26.36,47.22,2647
2024-03-13 21:00:00,Room_1,26.32,54.42,2558
2024-03-13 22:00:00,Room_1,28.52,50.77,2745
2024-03-13 23:00:00,Room_1,28.06,55.63,2600
2024-03-14 00:00:00,Room_1,29.67,50.33,2400
2024-03-14 01:00:00,Room_1,30.91,45.4,2602
2024-03-14 02:00:00,Room_1,22.81,53.71,2573
2024-03-14 03:00:00,Room_1,23.4,49.89,2570
2024-03-14 04:00:00,Room_1,26.4,51.07,2582
2024-03-14 05:00:00,Room_1,30.27,46.87,2655
2024-03-14 06:00:00,Room_1,30.89,53.3,2559
2024-03-14 07:00:00,Room_1,33.55,46.0,2566
2024-03-14 08:00:00,Room_1,33.19,40.45,2596
2024-03-14 09:00:00,Room_1,34.37,53.84,2494
2024-03-14 10:00:00,Room_1,31.17,48.16,2573
2024-03-14 11:00:00,Room_1,32.21,52.38,2652
2024-03-14 12:00:00,Room_1,36.33,48.06,2718
2024-03-14 13:00:00,Room_1,34.89,45.16,2678
2024-03-14 14:00:00,Room_1,32.83,50.93,2530
2024-03-14 15:00:00,Room_1,31.23,45.67,2550
2024-03-14 16:00:00,Room_1,35.06,46.39,2685
2024-03-14 17:00:00,Room_1,30.03,44.84,2670
2024-03-14 18:00:00,Room_1,35.41,46.25,2436
2024-03-14 19:00:00,Room_1,25.2,55.87,2677
2024-03-14 20:00:00,Room_1,24.79,46.57,2582
2024-03-14 21:00:00,Room_1,25.84,53.17,2518
2024-03-14 22:00:00,Room_1,28.52,49.3,2492
2024-03-14 23:00:00,Room_1,28.09,45.14,2705
2024-03-15 00:00:00,Room_1,28.64,53.08,2511
2024-03-15 01:00:00,Room_1,31.34,50.59,2486
2024-03-15 02:00:00,Room_1,26.56,48.53,2521
2024-03-15 03:00:00,Room_1,29.5,47.76,2667
2024-03-15 04:00:00,Room_1,29.69,47.91,2652
2024-03-15 05:00:00,Room_1,26.01,52.18,2571
2024-03-15 06:00:00,Room_1,30.09,44.93,2732
2024-03-15 07:00:00,Room_1,27.68,48.91,2663
2024-03-15 08:00:00,Room_1,31.22,53.3,2706
2024-03-15 09:00:00,Room_1,33.22,43.25,2589
2024-03-15 10:00:00,Room_1,36.0,48.1,2552
2024-03-15 11:00:00,Room_1,33.38,53.71,2565
2024-03-15 12:00:00,Room_1,33.06,50.56,2549
2024-03-15 13:00:00,Room_1,30.45,43.31,2713
2024-03-15 14:00:00,Room_1,38.62,52.21,2480
2024-03-15 15:00:00,Room_1,34.24,48.11,2784
2024-03-15 16:00:00,Room_1,30.16,49.68,2765
2024-03-15 17:00:00,Room_1,32.14,49.89,2523
2024-03-15 18:00:00,Room_1,33.58,48.88,2694
2024-03-15 19:00:00,Room_1,26.78,44.87,2559
2024-03-15 20:00:00,Room_1,28.53,48.57,2746
2024-03-15 21:00:00,Room_1,27.96,45.76,2637
2024-03-15 22:00:00,Room_1,28.58,48.82,2563
2024-03-15 23:00:00,Room_1,30.84,55.96,2662
2024-03-16 00:00:00,Room_1,23.82,46.01,2612
2024-03-16 01:00:00,Room_1,25.69,51.43,2494
2024-03-16 02:00:00,Room_1,26.58,54.9,2698
2024-03-16 03:00:00,Room_1,29.18,51.18,2715
2024-03-16 04:00:00,Room_1,26.18,50.36,2616
2024-03-16 05:00:00,Room_1,27.99,50.84,2718
2024-03-16 06:00:00,Room_1,31.47,50.3,2576
2024-03-16 07:00:00,Room_1,32.68,51.55,2663
2024-03-16 08:00:00,Room_1,29.79,45.77,2512
2024-03-16 09:00:00,Room_1,34.36,48.4,2633
2024-03-16 10:00:00,Room_1,33.64,48.65,2520
2024-03-16 11:00:00,Room_1,34.08,50.14,2785
2024-03-16 12:00:00,Room_1,32.51,45.59,2737
2024-03-16 13:00:00,Room_1,33.99,47.19,2476
2024-03-16 14:00:00,Room_1,33.07,46.94,2683
2024-03-16 15:00:00,Room_1,29.5,45.38,2609
2024-03-16 16:00:00,Room_1,30.69,51.7,2521
2024-03-16 17:00:00,Room_1,32.83,49.45,2602
2024-03-16 18:00:00,Room_1,29.72,47.63,2570
2024-03-16 19:00:00,Room_1,28.16,52.21,2741
2024-03-16 20:00:00,Room_1,26.57,49.28,2485
2024-03-16 21:00:00,Room_1,27.6,52.29,2489
2024-03-16 22:00:00,Room_1,23.85,52.97,2527
2024-03-16 23:00:00,Room_1,27.4,53.19,2678
2024-03-17 00:00:00,Room_1,26.3,46.72,2565
2024-03-17 01:00:00,Room_1,28.94,50.13,2641
2024-03-17 02:00:00,Room_1,24.17,49.62,2674
2024-03-17 03:00:00,Room_1,27.2,51.9,2552
2024-03-17 04:00:00,Room_1,24.93,49.68,2608
2024-03-17 05:00:00,Room_1,30.56,52.53,2668
2024-03-17 06:00:00,Room_1,35.3,44.12,2502
2024-03-17 07:00:00,Room_1,33.25,46.33,2438
2024-03-17 08:00:00,Room_1,32.92,49.99,2685
2024-03-17 09:00:00,Room_1,35.1,44.37,2585
2024-03-17 10:00:00,Room_1,37.94,53.22,2777
2024-03-17 11:00:00,Room_1,30.07,47.85,2459
2024-03-17 12:00:00,Room_1,33.53,47.77,2617
2024-03-17 13:00:00,Room_1,28.47,48.62,2586
2024-03-17 14:00:00,Room_1,30.04,50.51,2582
2024-03-17 15:00:00,Room_1,33.41,51.06,2586
2024-03-17 16:00:00,Room_1,34.48,49.69,2477
2024-03-17 17:00:00,Room_1,31.88,49.71,2590
2024-03-17 18:00:00,Room_1,36.96,50.33,2518
2024-03-17 19:00:00,Room_1,26.13,52.4,2608
2024-03-17 20:00:00,Room_1,33.46,51.43,2707
2024-03-17 21:00:00,Room_1,28.1,52.05,2475
2024-03-17 22:00:00,Room_1,31.11,46.86,2486
2024-03-17 23:00:00,Room_1,28.34,46.33,2522
2024-03-18 00:00:00,Room_1,27.55,49.92,2485
2024-03-18 01:00:00,Room_1,26.27,51.64,2640
2024-03-18 02:00:00,Room_1,24.26,53.04,2620
2024-03-18 03:00:00,Room_1,29.51,55.72,2494
2024-03-18 04:00:00,Room_1,30.46,51.08,2603
2024-03-18 05:00:00,Room_1,27.2,46.82,2488
2024-03-18 06:00:00,Room_1,31.69,46.32,2561
2024-03-18 07:00:00,Room_1,34.68,46.38,2775
2024-03-18 08:00:00,Room_1,32.32,44.38,2577
2024-03-18 09:00:00,Room_1,36.33,44.87,2455
2024-03-18 10:00:00,Room_1,34.47,44.87,2567
2024-03-18 11:00:00,Room_1,30.52,46.21,2491
2024-03-18 12:00:00,Room_1,30.83,50.08,2598
2024-03-18 13:00:00,Room_1,34.2,49.19,2505
2024-03-18 14:00:00,Room_1,32.76,42.58,2613
2024-03-18 15:00:00,Room_1,30.07,45.37,2501
2024-03-18 16:00:00,Room_1,31.87,44.82,2576
2024-03-18 17:00:00,Room_1,29.93,44.65,2661
2024-03-18 18:00:00,Room_1,31.27,45.72,2573
2024-03-18 19:00:00,Room_1,24.36,52.36,2496
2024-03-18 20:00:00,Room_1,25.44,50.08,2521
2024-03-18 21:00:00,Room_1,29.25,45.3,2552
2024-03-18 22:00:00,Room_1,30.77,45.04,2400
2024-03-18 23:00:00,Room_1,24.95,55.67,2675
2024-03-19 00:00:00,Room_1,26.1,51.76,2554
2024-03-19 01:00:00,Room_1,26.37,47.89,2601
2024-03-19 02:00:00,Room_1,26.26,49.64,2703
2024-03-19 03:00:00,Room_1,29.16,48.51,2544
2024-03-19 04:00:00,Room_1,27.57,47.91,2604
2024-03-19 05:00:00,Room_1,30.64,47.69,2448
2024-03-19 06:00:00,Room_1,34.88,43.95,2500
2024-03-19 07:00:00,Room_1,32.43,49.51,2587
2024-03-19 08:00:00,Room_1,34.73,48.16,2496
2024-03-19 09:00:00,Room_1,32.37,46.7,2619
2024-03-19 10:00:00,Room_1,30.63,50.72,2631
2024-03-19 11:00:00,Room_1,35.16,49.5,2739
2024-03-19 12:00:00,Room_1,32.09,50.26,2506
2024-03-19 13:00:00,Room_1,29.87,48.55,2732
2024-03-19 14:00:00,Room_1,35.5,50.18,2569
2024-03-19 15:00:00,Room_1,30.65,51.96,2698
2024-03-19 16:00:00,Room_1,31.14,44.6,2758
2024-03-19 17:00:00,Room_1,30.23,49.18,2568
2024-03-19 18:00:00,Room_1,36.54,43.79,2589
2024-03-19 19:00:00,Room_1,27.31,43.47,2549
2024-03-19 20:00:00,Room_1,27.91,46.96,2595
2024-03-19 21:00:00,Room_1,29.17,48.89,2454
2024-03-19 22:00:00,Room_1,27.19,52.33,2574
2024-03-19 23:00:00,Room_1,26.83,47.23,2639
2024-03-20 00:00:00,Room_1,29.2,53.22,2437
2024-03-20 01:00:00,Room_1,25.69,53.93,2598
2024-03-20 02:00:00,Room_1,27.0,53.66,2612
2024-03-20 03:00:00,Room_1,28.51,48.07,2476
2024-03-20 04:00:00,Room_1,28.57,52.03,2590
2024-03-20 05:00:00,Room_1,30.8,50.08,2701
2024-03-20 06:00:00,Room_1,30.62,47.37,2664
2024-03-20 07:00:00,Room_1,31.97,47.22,2736
2024-03-20 08:00:00,Room_1,31.49,47.01,2612
2024-03-20 09:00:00,Room_1,31.3,50.1,2429
2024-03-20 10:00:00,Room_1,34.53,51.26,2602
2024-03-20 11:00:00,Room_1,28.9,45.7,2676
2024-03-20 12:00:00,Room_1,32.83,49.36,2578
2024-03-20 13:00:00,Room_1,31.63,43.82,2571
2024-03-20 14:00:00,Room_1,31.39,45.57,2544
2024-03-20 15:00:00,Room_1,33.86,45.28,2673
2024-03-20 16:00:00,Room_1,31.09,48.41,2539
2024-03-20 17:00:00,Room_1,34.71,49.98,2694
2024-03-20 18:00:00,Room_1,31.61,50.07,2609
2024-03-20 19:00:00,Room_1,29.55,53.57,2493
2024-03-20 20:00:00,Room_1,27.34,47.67,2661
2024-03-20 21:00:00,Room_1,29.61,52.89,2548
2024-03-20 22:00:00,Room_1,29.05,51.16,2489
2024-03-20 23:00:00,Room_1,28.16,51.55,2526
2024-03-21 00:00:00,Room_1,23.5,49.02,2435
2024-03-21 01:00:00,Room_1,30.15,53.8,2658
2024-03-21 02:00:00,Room_1,27.3,49.83,2619
2024-03-21 03:00:00,Room_1,27.64,45.62,2496
2024-03-21 04:00:00,Room_1,28.64,50.2,2535
2024-03-21 05:00:00,Room_1,31.78,49.5,2474
2024-03-21 06:00:00,Room_1,31.03,50.52,2601
2024-03-21 07:00:00,Room_1,32.71,49.0,2578
2024-03-21 08:00:00,Room_1,30.24,44.2,2577
2024-03-21 09:00:00,Room_1,34.63,46.02,2542
2024-03-21 10:00:00,Room_1,30.89,42.65,2508
2024-03-21 11:00:00,Room_1,31.32,47.81,2695
2024-03-21 12:00:00,Room_1,35.04,49.22,2735
2024-03-21 13:00:00,Room_1,32.13,45.65,2657
2024-03-21 14:00:00,Room_1,31.78,43.06,2682
2024-03-21 15:00:00,Room_1,35.39,51.23,2559
2024-03-21 16:00:00,Room_1,29.63,54.51,2643
2024-03-21 17:00:00,Room_1,30.51,48.45,2661
2024-03-21 18:00:00,Room_1,30.84,44.67,2526
2024-03-21 19:00:00,Room_1,26.54,53.16,2553
2024-03-21 20:00:00,Room_1,24.83,53.57,2709
2024-03-21 21:00:00,Room_1,27.26,46.41,2492
2024-03-21 22:00:00,Room_1,24.33,48.9,2654
2024-03-21 23:00:00,Room_1,26.57,46.38,2496
2024-03-22 00:00:00,Room_1,30.5,50.61,2712
2024-03-22 01:00:00,Room_1,27.59,48.99,2744
2024-03-22 02:00:00,Room_1,29.7,48.95,2553
2024-03-22 03:00:00,Room_1,31.26,54.63,2589
2024-03-22 04:00:00,Room_1,24.31,49.25,2710
2024-03-22 05:00:00,Room_1,26.95,49.02,2573
2024-03-22 06:00:00,Room_1,29.66,48.02,2661
2024-03-22 07:00:00,Room_1,32.37,51.09,2665
2024-03-22 08:00:00,Room_1,34.17,50.26,2513
2024-03-22 09:00:00,Room_1,32.27,47.0,2513
2024-03-22 10:00:00,Room_1,34.65,46.12,2620
2024-03-22 11:00:00,Room_1,33.16,41.51,2566
2024-03-22 12:00:00,Room_1,30.94,53.71,2721
2024-03-22 13:00:00,Room_1,31.64,49.71,2593
2024-03-22 14:00:00,Room_1,32.55,47.81,2578
2024-03-22 15:00:00,Room_1,32.38,44.05,2671
2024-03-22 16:00:00,Room_1,28.92,51.02,2650
2024-03-22 17:00:00,Room_1,30.9,46.34,2653
2024-03-22 18:00:00,Room_1,31.8,44.6,2400
2024-03-22 19:00:00,Room_1,27.35,50.41,2634
2024-03-22 20:00:00,Room_1,29.74,46.58,2645
2024-03-22 21:00:00,Room_1,24.7,50.43,2511
2024-03-22 22:00:00,Room_1,24.1,49.07,2545
2024-03-22 23:00:00,Room_1,25.66,44.79,2652
2024-03-23 00:00:00,Room_1,26.98,49.24,2587
2024-03-23 01:00:00,Room_1,30.19,51.72,2676
2024-03-23 02:00:00,Room_1,27.96,47.6,2516
2024-03-23 03:00:00,Room_1,27.9,53.4,2583
2024-03-23 04:00:00,Room_1,26.97,51.12,2555
2024-03-23 05:00:00,Room_1,25.13,49.31,2635
2024-03-23 06:00:00,Room_1,32.15,44.28,2640
2024-03-23 07:00:00,Room_1,36.9,43.27,2647
2024-03-23 08:00:00,Room_1,33.98,46.84,2667
2024-03-23 09:00:00,Room_1,32.45,47.39,2504
2024-03-23 10:00:00,Room_1,29.92,45.34,2644
2024-03-23 11:00:00,Room_1,33.1,44.66,2545
2024-03-23 12:00:00,Room_1,34.32,50.28,2659
2024-03-23 13:00:00,Room_1,27.12,45.27,2502
2024-03-23 14:00:00,Room_1,30.0,48.01,2430
2024-03-23 15:00:00,Room_1,32.0,43.95,2578
2024-03-23 16:00:00,Room_1,32.65,46.31,2637
2024-03-23 17:00:00,Room_1,31.87,41.71,2698
2024-03-23 18:00:00,Room_1,33.44,45.39,2608
2024-03-23 19:00:00,Room_1,25.93,49.38,2591
2024-03-23 20:00:00,Room_1,29.12,47.78,2588
2024-03-23 21:00:00,Room_1,28.12,51.4,2637
2024-03-23 22:00:00,Room_1,29.97,46.11,2540
2024-03-23 23:00:00,Room_1,29.93,48.94,2587
2024-03-24 00:00:00,Room_1,27.38,51.48,2494
2024-03-24 01:00:00,Room_1,25.55,48.78,2623
2024-03-24 02:00:00,Room_1,23.93,48.01,2619
2024-03-24 03:00:00,Room_1,30.26,52.79,2621
2024-03-24 04:00:00,Room_1,29.82,50.21,2620
2024-03-24 05:00:00,Room_1,23.12,51.39,2611
2024-03-24 06:00:00,Room_1,33.69,43.48,2652
2024-03-24 07:00:00,Room_1,33.33,42.67,2496
2024-03-24 08:00:00,Room_1,29.23,42.76,2618
2024-03-24 09:00:00,Room_1,33.93,46.14,2573
2024-03-24 10:00:00,Room_1,29.45,47.5,2529
2024-03-24 11:00:00,Room_1,30.68,52.86,2685
2024-03-24 12:00:00,Room_1,29.56,50.38,2624
2024-03-24 13:00:00,Room_1,29.63,50.82,2552
2024-03-24 14:00:00,Room_1,34.32,48.71,2745
2024-03-24 15:00:00,Room_1,33.71,49.95,2610
2024-03-24 16:00:00,Room_1,30.96,42.64,2629
2024-03-24 17:00:00,Room_1,32.2,51.16,2490
2024-03-24 18:00:00,Room_1,34.98,48.98,2748
2024-03-24 19:00:00,Room_1,27.66,53.95,2601
2024-03-24 20:00:00,Room_1,27.86,48.21,2567
2024-03-24 21:00:00,Room_1,23.67,46.73,2594
2024-03-24 22:00:00,Room_1,27.89,44.89,2501
2024-03-24 23:00:00,Room_1,27.12,47.12,2533
2024-03-25 00:00:00,Room_1,30.78,45.95,2637
2024-03-25 01:00:00,Room_1,27.36,49.89,2502
2024-03-25 02:00:00,Room_1,27.7,46.66,2647
2024-03-25 03:00:00,Room_1,29.82,45.06,2593
2024-03-25 04:00:00,Room_1,28.57,45.81,2559
2024-03-25 05:00:00,Room_1,29.39,50.93,2643
2024-03-25 06:00:00,Room_1,36.3,51.75,2625
2024-03-25 07:00:00,Room_1,34.77,51.53,2663
2024-03-25 08:00:00,Room_1,33.03,48.77,2577
2024-03-25 09:00:00,Room_1,36.68,47.76,2563
2024-03-25 10:00:00,Room_1,31.82,46.94,2539
2024-03-25 11:00:00,Room_1,30.46,52.74,2664
2024-03-25 12:00:00,Room_1,30.7,50.79,2528
2024-03-25 13:00:00,Room_1,27.8,47.62,2488
2024-03-25 14:00:00,Room_1,30.24,47.43,2617
2024-03-25 15:00:00,Room_1,29.94,42.0,2495
2024-03-25 16:00:00,Room_1,37.95,50.24,2628
2024-03-25 17:00:00,Room_1,31.59,42.59,2546
2024-03-25 18:00:00,Room_1,32.9,48.25,2500
2024-03-25 19:00:00,Room_1,30.92,46.35,2523
2024-03-25 20:00:00,Room_1,28.33,47.07,2649
2024-03-25 21:00:00,Room_1,23.34,50.51,2503
2024-03-25 22:00:00,Room_1,27.44,50.08,2708
2024-03-25 23:00:00,Room_1,25.13,52.11,2644
2024-03-26 00:00:00,Room_1,28.71,45.15,2569
2024-03-26 01:00:00,Room_1,30.51,56.35,2582
2024-03-26 02:00:00,Room_1,26.66,45.71,2642
2024-03-26 03:00:00,Room_1,24.05,47.4,2641
2024-03-26 04:00:00,Room_1,25.43,52.86,2573
2024-03-26 05:00:00,Room_1,28.17,46.92,2457
2024-03-26 06:00:00,Room_1,29.97,42.85,2576
2024-03-26 07:00:00,Room_1,34.36,42.45,2688
2024-03-26 08:00:00,Room_1,34.25,44.71,2588
2024-03-26 09:00:00,Room_1,33.03,52.73,2472
2024-03-26 10:00:00,Room_1,34.1,52.29,2657
2024-03-26 11:00:00,Room_1,35.4,44.66,2650
2024-03-26 12:00:00,Room_1,35.43,48.91,2550
2024-03-26 13:00:00,Room_1,30.75,43.91,2615
2024-03-26 14:00:00,Room_1,34.56,47.6,2582
2024-03-26 15:00:00,Room_1,36.43,47.4,2633
2024-03-26 16:00:00,Room_1,32.73,50.25,2749
2024-03-26 17:00:00,Room_1,33.59,50.39,2653
2024-03-26 18:00:00,Room_1,34.13,48.77,2464
2024-03-26 19:00:00,Room_1,27.48,49.9,2613
2024-03-26 20:00:00,Room_1,32.3,52.85,2667
2024-03-26 21:00:00,Room_1,24.48,53.49,2563
2024-03-26 22:00:00,Room_1,29.83,49.75,2477
2024-03-26 23:00:00,Room_1,26.13,54.37,2570
2024-03-27 00:00:00,Room_1,24.58,54.19,2525
2024-03-27 01:00:00,Room_1,27.0,44.65,2621
2024-03-27 02:00:00,Room_1,27.15,46.57,2494
2024-03-27 03:00:00,Room_1,27.27,47.77,2602
2024-03-27 04:00:00,Room_1,25.44,51.65,2602
2024-03-27 05:00:00,Room_1,27.62,55.53,2722
2024-03-27 06:00:00,Room_1,30.97,49.08,2616
2024-03-27 07:00:00,Room_1,29.15,45.86,2647
2024-03-27 08:00:00,Room_1,36.15,46.22,2525
2024-03-27 09:00:00,Room_1,34.76,48.8,2522
2024-03-27 10:00:00,Room_1,31.94,44.08,2544
2024-03-27 11:00:00,Room_1,29.55,49.45,2519
2024-03-27 12:00:00,Room_1,30.57,51.95,2500
2024-03-27 13:00:00,Room_1,32.89,50.5,2558
2024-03-27 14:00:00,Room_1,35.04,52.51,2652
2024-03-27 15:00:00,Room_1,30.17,54.07,2573
2024-03-27 16:00:00,Room_1,35.08,47.68,2538
2024-03-27 17:00:00,Room_1,29.06,41.16,2430
2024-03-27 18:00:00,Room_1,33.34,48.87,2577
2024-03-27 19:00:00,Room_1,26.71,46.32,2617
2024-03-27 20:00:00,Room_1,27.26,48.49,2501
2024-03-27 21:00:00,Room_1,27.44,54.66,2719
2024-03-27 22:00:00,Room_1,30.59,52.72,2781
2024-03-27 23:00:00,Room_1,27.88,54.08,2622
2024-03-28 00:00:00,Room_1,25.23,53.94,2687
2024-03-28 01:00:00,Room_1,26.26,48.31,2604
2024-03-28 02:00:00,Room_1,29.25,45.43,2544
2024-03-28 03:00:00,Room_1,27.9,47.96,2733
2024-03-28 04:00:00,Room_1,25.61,50.76,2580
2024-03-28 05:00:00,Room_1,29.18,53.47,2687
2024-03-28 06:00:00,Room_1,34.12,48.35,2627
2024-03-28 07:00:00,Room_1,33.23,49.0,2660
2024-03-28 08:00:00,Room_1,32.14,45.76,2515
2024-03-28 09:00:00,Room_1,33.23,50.85,2670
2024-03-28 10:00:00,Room_1,31.84,43.22,2541
2024-03-28 11:00:00,Room_1,34.42,45.42,2507
2024-03-28 12:00:00,Room_1,29.26,53.04,2464
2024-03-28 13:00:00,Room_1,32.62,45.33,2590
2024-03-28 14:00:00,Room_1,32.32,47.91,2573
2024-03-28 15:00:00,Room_1,33.16,52.39,2536
2024-03-28 16:00:00,Room_1,29.55,49.67,2443
2024-03-28 17:00:00,Room_1,33.26,51.08,2623
2024-03-28 18:00:00,Room_1,30.52,50.07,2700
2024-03-28 19:00:00,Room_1,27.2,52.85,2581
2024-03-28 20:00:00,Room_1,26.87,50.64,2671
2024-03-28 21:00:00,Room_1,27.85,48.19,2568
2024-03-28 22:00:00,Room_1,25.81,46.06,2462
2024-03-28 23:00:00,Room_1,26.06,53.59,2594
2024-03-29 00:00:00,Room_1,24.54,52.79,2553
2024-03-29 01:00:00,Room_1,28.1,45.53,2707
2024-03-29 02:00:00,Room_1,29.02,48.2,2562
2024-03-29 03:00:00,Room_1,28.43,49.22,2559
2024-03-29 04:00:00,Room_1,28.03,50.66,2548
2024-03-29 05:00:00,Room_1,27.19,47.05,2499
2024-03-29 06:00:00,Room_1,33.08,45.15,2538
2024-03-29 07:00:00,Room_1,31.33,42.25,2545
2024-03-29 08:00:00,Room_1,31.81,50.95,2672
2024-03-29 09:00:00,Room_1,29.87,50.12,2538
2024-03-29 10:00:00,Room_1,30.46,48.69,2531
2024-03-29 11:00:00,Room_1,36.77,51.04,2598
2024-03-29 12:00:00,Room_1,34.22,48.53,2660
2024-03-29 13:00:00,Room_1,33.44,50.41,2494
2024-03-29 14:00:00,Room_1,28.89,46.18,2493
2024-03-29 15:00:00,Room_1,35.47,53.28,2500
2024-03-29 16:00:00,Room_1,33.15,45.81,2588
2024-03-29 17:00:00,Room_1,30.05,50.4,2606
2024-03-29 18:00:00,Room_1,31.76,43.5,2455
2024-03-29 19:00:00,Room_1,30.18,52.53,2685
2024-03-29 20:00:00,Room_1,26.82,51.82,2501
2024-03-29 21:00:00,Room_1,29.3,48.62,2714
2024-03-29 22:00:00,Room_1,23.65,50.49,2699
2024-03-29 23:00:00,Room_1,28.39,46.75,2570
2024-03-30 00:00:00,Room_1,25.78,49.88,2654
2024-03-30 01:00:00,Room_1,28.52,49.77,2482
2024-03-30 02:00:00,Room_1,23.99,53.27,2503
2024-03-30 03:00:00,Room_1,28.0,46.06,2662
2024-03-30 04:00:00,Room_1,25.42,46.17,2531
2024-03-30 05:00:00,Room_1,25.65,48.77,2465
2024-03-30 06:00:00,Room_1,35.35,49.05,2647
2024-03-30 07:00:00,Room_1,31.23,44.92,2525
2024-03-30 08:00:00,Room_1,35.31,50.09,2570
2024-03-30 09:00:00,Room_1,29.62,45.72,2619
2024-03-30 10:00:00,Room_1,30.71,44.4,2551
2024-03-30 11:00:00,Room_1,33.65,50.88,2620
2024-03-30 12:00:00,Room_1,33.44,51.8,2617
2024-03-30 13:00:00,Room_1,33.94,43.5,2627
2024-03-30 14:00:00,Room_1,29.8,48.44,2627
2024-03-30 15:00:00,Room_1,29.71,54.6,2635
2024-03-30 16:00:00,Room_1,31.8,48.49,2655
2024-03-30 17:00:00,Room_1,34.84,47.72,2600
2024-03-30 18:00:00,Room_1,29.79,48.09,2716
2024-03-30 19:00:00,Room_1,28.28,47.49,2562
2024-03-30 20:00:00,Room_1,30.9,46.69,2593
2024-03-30 21:00:00,Room_1,32.16,47.77,2493
2024-03-30 22:00:00,Room_1,27.91,48.07,2511
2024-03-30 23:00:00,Room_1,26.98,54.69,2597
2024-03-31 00:00:00,Room_1,29.09,49.72,2565
2024-03-31 01:00:00,Room_1,29.88,49.9,2656
2024-03-31 02:00:00,Room_1,24.73,50.12,2523
2024-03-31 03:00:00,Room_1,30.41,52.87,2775
2024-03-31 04:00:00,Room_1,29.88,52.37,2451
2024-03-31 05:00:00,Room_1,24.18,55.11,2558
2024-03-31 06:00:00,Room_1,33.72,49.6,2685
2024-03-31 07:00:00,Room_1,30.84,51.14,2491
2024-03-31 08:00:00,Room_1,31.5,48.73,2631
2024-03-31 09:00:00,Room_1,35.15,48.47,2633
2024-03-31 10:00:00,Room_1,32.05,48.18,2623
2024-03-31 11:00:00,Room_1,33.29,51.35,2609
2024-03-31 12:00:00,Room_1,29.04,52.48,2698
2024-03-31 13:00:00,Room_1,32.64,44.52,2607
2024-03-31 14:00:00,Room_1,37.01,44.02,2605
2024-03-31 15:00:00,Room_1,34.13,44.9,2603
2024-03-31 16:00:00,Room_1,31.23,48.43,2517
2024-03-31 17:00:00,Room_1,34.45,47.1,2548
2024-03-31 18:00:00,Room_1,34.27,51.55,2428
2024-03-31 19:00:00,Room_1,33.06,44.92,2544
2024-03-31 20:00:00,Room_1,28.55,56.56,2556
2024-03-31 21:00:00,Room_1,23.55,52.59,2580
2024-03-31 22:00:00,Room_1,27.6,51.23,2669
2024-03-31 23:00:00,Room_1,27.42,49.69,2526
2024-04-01 00:00:00,Room_1,28.54,59.44,2558
2024-04-01 01:00:00,Room_1,25.52,62.26,2553
2024-04-01 02:00:00,Room_1,25.76,56.04,2643
2024-04-01 03:00:00,Room_1,28.52,56.53,2583
2024-04-01 04:00:00,Room_1,25.6,57.23,2619
2024-04-01 05:00:00,Room_1,26.36,57.37,2570
2024-04-01 06:00:00,Room_1,33.88,56.26,2499
2024-04-01 07:00:00,Room_1,33.32,57.54,2545
2024-04-01 08:00:00,Room_1,31.74,59.8,2525
2024-04-01 09:00:00,Room_1,32.32,54.36,2514
2024-04-01 10:00:00,Room_1,33.35,59.01,2628
2024-04-01 11:00:00,Room_1,35.78,59.65,2556
2024-04-01 12:00:00,Room_1,30.6,51.74,2595
2024-04-01 13:00:00,Room_1,37.14,51.68,2534
2024-04-01 14:00:00,Room_1,29.96,54.42,2644
2024-04-01 15:00:00,Room_1,30.67,57.73,2504
2024-04-01 16:00:00,Room_1,33.55,55.66,2658
2024-04-01 17:00:00,Room_1,34.1,52.58,2700
2024-04-01 18:00:00,Room_1,30.01,61.09,2682
2024-04-01 19:00:00,Room_1,28.14,56.59,2661
2024-04-01 20:00:00,Room_1,27.3,55.97,2712
2024-04-01 21:00:00,Room_1,26.39,61.72,2632
2024-04-01 22:00:00,Room_1,26.86,61.81,2632
2024-04-01 23:00:00,Room_1,28.1,57.55,2615
2024-04-02 00:00:00,Room_1,27.35,62.14,2640
2024-04-02 01:00:00,Room_1,29.25,56.17,2623
2024-04-02 02:00:00,Room_1,27.96,60.28,2468
2024-04-02 03:00:00,Room_1,27.73,61.76,2617
2024-04-02 04:00:00,Room_1,24.38,57.26,2533
2024-04-02 05:00:00,Room_1,28.38,56.53,2478
2024-04-02 06:00:00,Room_1,34.41,55.05,2586
2024-04-02 07:00:00,Room_1,31.82,54.92,2531
2024-04-02 08:00:00,Room_1,32.33,57.25,2602
2024-04-02 09:00:00,Room_1,36.27,57.36,2686
2024-04-02 10:00:00,Room_1,31.48,59.79,2604
2024-04-02 11:00:00,Room_1,33.13,57.55,2675
2024-04-02 12:00:00,Room_1,30.11,53.34,2562
2024-04-02 13:00:00,Room_1,33.5,56.56,2714
2024-04-02 14:00:00,Room_1,34.33,55.98,2558
2024-04-02 15:00:00,Room_1,30.42,56.8,2528
2024-04-02 16:00:00,Room_1,29.04,57.16,2580
2024-04-02 17:00:00,Room_1,36.27,57.66,2584
2024-04-02 18:00:00,Room_1,30.75,52.58,2694
2024-04-02 19:00:00,Room_1,27.09,59.68,2683
2024-04-02 20:00:00,Room_1,25.47,57.74,2594
2024-04-02 21:00:00,Room_1,26.31,55.34,2557
2024-04-02 22:00:00,Room_1,28.96,59.6,2625
2024-04-02 23:00:00,Room_1,29.23,57.36,2500
2024-04-03 00:00:00,Room_1,26.54,62.36,2568
2024-04-03 01:00:00,Room_1,25.72,54.88,2643
2024-04-03 02:00:00,Room_1,27.46,57.23,2530
2024-04-03 03:00:00,Room_1,27.85,59.8,2463
2024-04-03 04:00:00,Room_1,27.37,56.49,2562
2024-04-03 05:00:00,Room_1,26.18,62.08,2690
2024-04-03 06:00:00,Room_1,33.29,54.68,2509
2024-04-03 07:00:00,Room_1,30.26,57.87,2587
2024-04-03 08:00:00,Room_1,33.65,54.02,2700
2024-04-03 09:00:00,Room_1,36.0,55.81,2780
2024-04-03 10:00:00,Room_1,31.12,56.57,2667
2024-04-03 11:00:00,Room_1,31.05,55.92,2595
2024-04-03 12:00:00,Room_1,30.77,58.47,2633
2024-04-03 13:00:00,Room_1,31.37,52.94,2681
2024-04-03 14:00:00,Room_1,33.63,57.74,2527
2024-04-03 15:00:00,Room_1,33.64,56.33,2492
2024-04-03 16:00:00,Room_1,32.65,54.62,2636
2024-04-03 17:00:00,Room_1,30.79,59.47,2609
2024-04-03 18:00:00,Room_1,34.95,54.7,2629
2024-04-03 19:00:00,Room_1,27.38,62.18,2445
2024-04-03 20:00:00,Room_1,31.39,59.66,2602
2024-04-03 21:00:00,Room_1,27.93,61.66,2614
2024-04-03 22:00:00,Room_1,28.32,59.28,2501
2024-04-03 23:00:00,Room_1,30.12,57.76,2626
2024-04-04 00:00:00,Room_1,25.46,57.69,2706
2024-04-04 01:00:00,Room_1,31.8,58.04,2600
2024-04-04 02:00:00,Room_1,28.29,60.9,2458
2024-04-04 03:00:00,Room_1,26.34,57.43,2540
2024-04-04 04:00:00,Room_1,29.48,58.6,2474
2024-04-04 05:00:00,Room_1,26.67,61.11,2612
2024-04-04 06:00:00,Room_1,36.27,55.59,2535
2024-04-04 07:00:00,Room_1,31.21,61.44,2435
2024-04-04 08:00:00,Room_1,34.53,58.24,2611
2024-04-04 09:00:00,Room_1,29.48,63.28,2746
2024-04-04 10:00:00,Room_1,30.94,58.23,2457
2024-04-04 11:00:00,Room_1,29.41,57.68,2618
2024-04-04 12:00:00,Room_1,27.72,54.63,2761
2024-04-04 13:00:00,Room_1,35.92,61.48,2470
2024-04-04 14:00:00,Room_1,35.09,53.04,2407
2024-04-04 15:00:00,Room_1,31.55,56.39,2576
2024-04-04 16:00:00,Room_1,32.63,54.04,2535
2024-04-04 17:00:00,Room_1,31.63,55.21,2647
2024-04-04 18:00:00,Room_1,34.87,55.86,2585
2024-04-04 19:00:00,Room_1,25.57,60.03,2517
2024-04-04 20:00:00,Room_1,27.9,59.37,2602
2024-04-04 21:00:00,Room_1,25.11,59.07,2542
2024-04-04 22:00:00,Room_1,24.98,60.16,2602
2024-04-04 23:00:00,Room_1,27.29,60.51,2622
2024-04-05 00:00:00,Room_1,27.13,57.33,2564
2024-04-05 01:00:00,Room_1,29.04,59.24,2730
2024-04-05 02:00:00,Room_1,26.77,59.77,2549
2024-04-05 03:00:00,Room_1,27.68,61.62,2614
2024-04-05 04:00:00,Room_1,28.29,60.23,2552
2024-04-05 05:00:00,Room_1,25.07,60.63,2416
2024-04-05 06:00:00,Room_1,32.83,60.36,2695
2024-04-05 07:00:00,Room_1,29.69,59.85,2552
2024-04-05 08:00:00,Room_1,34.7,59.39,2638
2024-04-05 09:00:00,Room_1,30.46,59.26,2713
2024-04-05 10:00:00,Room_1,34.25,61.76,2460
2024-04-05 11:00:00,Room_1,32.91,58.16,2543
2024-04-05 12:00:00,Room_1,32.1,54.13,2657
2024-04-05 13:00:00,Room_1,35.84,54.66,2517
2024-04-05 14:00:00,Room_1,31.03,55.21,2621
2024-04-05 15:00:00,Room_1,34.26,52.33,2430
2024-04-05 16:00:00,Room_1,33.4,58.34,2533
2024-04-05 17:00:00,Room_1,31.38,54.93,2688
2024-04-05 18:00:00,Room_1,30.69,61.9,2634
2024-04-05 19:00:00,Room_1,26.21,62.16,2400
2024-04-05 20:00:00,Room_1,27.05,58.77,2650
2024-04-05 21:00:00,Room_1,28.02,53.85,2680
2024-04-05 22:00:00,Room_1,25.53,58.45,2628
2024-04-05 23:00:00,Room_1,27.29,60.77,2681
2024-04-06 00:00:00,Room_1,23.1,56.82,2634
2024-04-06 01:00:00,Room_1,32.79,63.43,2585
2024-04-06 02:00:00,Room_1,25.37,59.94,2629
2024-04-06 03:00:00,Room_1,28.24,54.99,2735
2024-04-06 04:00:00,Room_1,26.78,56.94,2531
2024-04-06 05:00:00,Room_1,28.46,55.31,2544
2024-04-06 06:00:00,Room_1,32.61,56.79,2545
2024-04-06 07:00:00,Room_1,31.03,54.19,2669
2024-04-06 08:00:00,Room_1,33.96,59.08,2608
2024-04-06 09:00:00,Room_1,29.52,59.57,2507
2024-04-06 10:00:00,Room_1,31.66,58.33,2559
2024-04-06 11:00:00,Room_1,29.73,52.07,2553
2024-04-06 12:00:00,Room_1,30.9,53.08,2698
2024-04-06 13:00:00,Room_1,32.42,56.64,2531
2024-04-06 14:00:00,Room_1,31.53,56.34,2505
2024-04-06 15:00:00,Room_1,30.11,52.93,2558
2024-04-06 16:00:00,Room_1,31.32,59.02,2515
2024-04-06 17:00:00,Room_1,30.1,57.16,2661
2024-04-06 18:00:00,Room_1,31.97,57.18,2475
2024-04-06 19:00:00,Room_1,28.58,60.95,2627
2024-04-06 20:00:00,Room_1,25.18,59.98,2630
2024-04-06 21:00:00,Room_1,29.18,60.03,2608
2024-04-06 22:00:00,Room_1,24.88,61.68,2483
2024-04-06 23:00:00,Room_1,28.06,55.49,2629
2024-04-07 00:00:00,Room_1,24.64,55.96,2553
2024-04-07 01:00:00,Room_1,23.13,55.24,2617
2024-04-07 02:00:00,Room_1,28.92,60.25,2629
2024-04-07 03:00:00,Room_1,25.95,58.7,2615
2024-04-07 04:00:00,Room_1,28.04,59.64,2606
2024-04-07 05:00:00,Room_1,25.23,55.97,2582
2024-04-07 06:00:00,Room_1,34.25,52.46,2594
2024-04-07 07:00:00,Room_1,32.59,55.67,2719
2024-04-07 08:00:00,Room_1,31.88,55.89,2617
2024-04-07 09:00:00,Room_1,30.71,52.02,2553
2024-04-07 10:00:00,Room_1,31.32,56.18,2555
2024-04-07 11:00:00,Room_1,35.76,56.15,2462
2024-04-07 12:00:00,Room_1,33.28,54.54,2538
2024-04-07 13:00:00,Room_1,34.7,56.85,2633
2024-04-07 14:00:00,Room_1,31.04,53.21,2583
2024-04-07 15:00:00,Room_1,32.0,57.2,2576
2024-04-07 16:00:00,Room_1,34.38,53.97,2597
2024-04-07 17:00:00,Room_1,34.82,57.15,2552
2024-04-07 18:00:00,Room_1,32.35,58.4,2567
2024-04-07 19:00:00,Room_1,27.16,59.62,2478
2024-04-07 20:00:00,Room_1,26.98,60.93,2688
2024-04-07 21:00:00,Room_1,29.06,61.35,2621
2024-04-07 22:00:00,Room_1,30.26,57.15,2492
2024-04-07 23:00:00,Room_1,26.8,54.9,2485
2024-04-08 00:00:00,Room_1,26.81,58.91,2567
2024-04-08 01:00:00,Room_1,27.24,56.61,2523
2024-04-08 02:00:00,Room_1,29.13,58.85,2484
2024-04-08 03:00:00,Room_1,24.43,55.45,2552
2024-04-08 04:00:00,Room_1,26.77,55.28,2442
2024-04-08 05:00:00,Room_1,28.85,56.82,2543
2024-04-08 06:00:00,Room_1,34.15,53.61,2642
2024-04-08 07:00:00,Room_1,32.08,58.24,2720
2024-04-08 08:00:00,Room_1,34.33,50.53,2574
2024-04-08 09:00:00,Room_1,34.09,56.79,2457
2024-04-08 10:00:00,Room_1,30.34,56.12,2561
2024-04-08 11:00:00,Room_1,32.73,53.86,2631
2024-04-08 12:00:00,Room_1,33.9,54.84,2599
2024-04-08 13:00:00,Room_1,30.54,59.31,2579
2024-04-08 14:00:00,Room_1,33.05,55.29,2552
2024-04-08 15:00:00,Room_1,29.56,56.33,2403
2024-04-08 16:00:00,Room_1,35.12,51.67,2436
2024-04-08 17:00:00,Room_1,29.32,54.49,2643
2024-04-08 18:00:00,Room_1,32.27,56.44,2597
2024-04-08 19:00:00,Room_1,26.46,57.01,2535
2024-04-08 20:00:00,Room_1,25.01,59.51,2574
2024-04-08 21:00:00,Room_1,26.18,56.45,2647
2024-04-08 22:00:00,Room_1,26.07,58.79,2605
2024-04-08 23:00:00,Room_1,29.07,58.94,2679
2024-04-09 00:00:00,Room_1,31.48,57.84,2595
2024-04-09 01:00:00,Room_1,26.99,63.05,2696
2024-04-09 02:00:00,Room_1,22.15,56.61,2463
2024-04-09 03:00:00,Room_1,26.71,59.91,2568
2024-04-09 04:00:00,Room_1,29.73,57.35,2545
2024-04-09 05:00:00,Room_1,31.32,56.31,2586
2024-04-09 06:00:00,Room_1,34.64,56.61,2596
2024-04-09 07:00:00,Room_1,30.05,52.11,2719
2024-04-09 08:00:00,Room_1,33.32,62.49,2488
2024-04-09 09:00:00,Room_1,31.59,57.56,2566
2024-04-09 10:00:00,Room_1,35.07,58.53,2629
2024-04-09 11:00:00,Room_1,33.31,52.01,2538
2024-04-09 12:00:00,Room_1,34.52,60.68,2426
2024-04-09 13:00:00,Room_1,31.4,56.59,2608
2024-04-09 14:00:00,Room_1,36.55,59.2,2727
2024-04-09 15:00:00,Room_1,33.54,55.99,2654
2024-04-09 16:00:00,Room_1,33.07,56.25,2498
2024-04-09 17:00:00,Room_1,34.68,55.72,2567
2024-04-09 18:00:00,Room_1,27.98,57.76,2528
2024-04-09 19:00:00,Room_1,26.99,59.72,2563
2024-04-09 20:00:00,Room_1,24.47,58.9,2701
2024-04-09 21:00:00,Room_1,28.33,59.32,2612
2024-04-09 22:00:00,Room_1,29.09,58.57,2571
2024-04-09 23:00:00,Room_1,29.37,56.29,2519
2024-04-10 00:00:00,Room_1,26.64,57.6,2575
2024-04-10 01:00:00,Room_1,25.68,61.01,2668
2024-04-10 02:00:00,Room_1,24.86,60.46,2493
2024-04-10 03:00:00,Room_1,25.83,62.55,2653
2024-04-10 04:00:00,Room_1,25.36,60.59,2583
2024-04-10 05:00:00,Room_1,29.35,56.76,2712
2024-04-10 06:00:00,Room_1,33.15,58.37,2521
2024-04-10 07:00:00,Room_1,29.32,58.06,2692
2024-04-10 08:00:00,Room_1,35.03,55.98,2439
2024-04-10 09:00:00,Room_1,35.21,54.66,2615
2024-04-10 10:00:00,Room_1,35.0,58.47,2587
2024-04-10 11:00:00,Room_1,33.27,61.69,2544
2024-04-10 12:00:00,Room_1,30.98,57.6,2555
2024-04-10 13:00:00,Room_1,28.79,55.66,2652
2024-04-10 14:00:00,Room_1,34.31,51.86,2694
2024-04-10 15:00:00,Room_1,33.86,54.88,2627
2024-04-10 16:00:00,Room_1,33.47,59.36,2509
2024-04-10 17:00:00,Room_1,36.89,59.54,2621
2024-04-10 18:00:00,Room_1,28.46,59.1,2610
2024-04-10 19:00:00,Room_1,26.62,57.77,2670
2024-04-10 20:00:00,Room_1,25.89,59.89,2695
2024-04-10 21:00:00,Room_1,27.51,54.84,2562
2024-04-10 22:00:00,Room_1,28.57,54.63,2614
2024-04-10 23:00:00,Room_1,28.85,55.66,2613
2024-04-11 00:00:00,Room_1,27.7,59.27,2640
2024-04-11 01:00:00,Room_1,30.51,58.81,2634
2024-04-11 02:00:00,Room_1,34.13,58.17,2534
2024-04-11 03:00:00,Room_1,25.96,63.5,2527
2024-04-11 04:00:00,Room_1,29.66,61.63,2400
2024-04-11 05:00:00,Room_1,28.94,53.65,2562
2024-04-11 06:00:00,Room_1,28.36,50.37,2503
2024-04-11 07:00:00,Room_1,33.72,54.81,2503
2024-04-11 08:00:00,Room_1,35.06,56.2,2517
2024-04-11 09:00:00,Room_1,31.1,55.49,2779
2024-04-11 10:00:00,Room_1,30.5,56.08,2586
2024-04-11 11:00:00,Room_1,31.49,56.44,2648
2024-04-11 12:00:00,Room_1,31.14,57.06,2668
2024-04-11 13:00:00,Room_1,33.68,57.54,2538
2024-04-11 14:00:00,Room_1,31.32,52.57,2568
2024-04-11 15:00:00,Room_1,33.72,56.35,2575
2024-04-11 16:00:00,Room_1,29.08,55.34,2614
2024-04-11 17:00:00,Room_1,31.21,58.82,2477
2024-04-11 18:00:00,Room_1,32.19,54.56,2680
2024-04-11 19:00:00,Room_1,27.05,60.67,2800
2024-04-11 20:00:00,Room_1,29.45,58.13,2655
2024-04-11 21:00:00,Room_1,29.33,55.33,2533
2024-04-11 22:00:00,Room_1,28.05,53.72,2476
2024-04-11 23:00:00,Room_1,25.83,55.98,2614
2024-04-12 00:00:00,Room_1,25.05,62.36,2453
2024-04-12 01:00:00,Room_1,24.73,58.66,2675
2024-04-12 02:00:00,Room_1,28.38,54.5,2581
2024-04-12 03:00:00,Room_1,26.97,59.42,2612
2024-04-12 04:00:00,Room_1,26.08,55.81,2616
2024-04-12 05:00:00,Room_1,31.25,61.29,2400
2024-04-12 06:00:00,Room_1,29.92,58.63,2467
2024-04-12 07:00:00,Room_1,33.08,57.08,2529
2024-04-12 08:00:00,Room_1,36.84,61.86,2551
2024-04-12 09:00:00,Room_1,28.88,58.99,2545
2024-04-12 10:00:00,Room_1,30.97,53.48,2571
2024-04-12 11:00:00,Room_1,32.17,53.94,2648
2024-04-12 12:00:00,Room_1,28.61,51.42,2650
2024-04-12 13:00:00,Room_1,29.98,55.67,2582
2024-04-12 14:00:00,Room_1,32.84,55.54,2514
2024-04-12 15:00:00,Room_1,29.78,55.73,2572
2024-04-12 16:00:00,Room_1,33.24,60.86,2656
2024-04-12 17:00:00,Room_1,32.08,56.65,2616
2024-04-12 18:00:00,Room_1,30.05,58.26,2627
2024-04-12 19:00:00,Room_1,27.81,56.1,2606
2024-04-12 20:00:00,Room_1,30.32,59.92,2627
2024-04-12 21:00:00,Room_1,24.73,60.11,2668
2024-04-12 22:00:00,Room_1,28.77,59.68,2689
2024-04-12 23:00:00,Room_1,27.38,61.16,2485
2024-04-13 00:00:00,Room_1,26.8,56.38,2465
2024-04-13 01:00:00,Room_1,26.81,58.32,2423
2024-04-13 02:00:00,Room_1,28.9,57.45,2637
2024-04-13 03:00:00,Room_1,28.74,59.14,2530
2024-04-13 04:00:00,Room_1,29.12,55.32,2698
2024-04-13 05:00:00,Room_1,27.99,55.9,2644
2024-04-13 06:00:00,Room_1,34.57,59.41,2630
2024-04-13 07:00:00,Room_1,30.93,61.85,2758
2024-04-13 08:00:00,Room_1,33.87,56.15,2546
2024-04-13 09:00:00,Room_1,30.55,56.38,2623
2024-04-13 10:00:00,Room_1,29.69,55.52,2605
2024-04-13 11:00:00,Room_1,32.48,58.64,2603
2024-04-13 12:00:00,Room_1,30.23,58.6,2739
2024-04-13 13:00:00,Room_1,35.87,59.95,2596
2024-04-13 14:00:00,Room_1,32.87,54.61,2480
2024-04-13 15:00:00,Room_1,31.61,56.34,2743
2024-04-13 16:00:00,Room_1,34.75,58.81,2637
2024-04-13 17:00:00,Room_1,32.94,53.07,2485
2024-04-13 18:00:00,Room_1,31.92,57.81,2400
2024-04-13 19:00:00,Room_1,31.1,62.76,2562
2024-04-13 20:00:00,Room_1,24.01,57.61,2550
2024-04-13 21:00:00,Room_1,27.13,60.45,2640
2024-04-13 22:00:00,Room_1,27.06,56.3,2640
2024-04-13 23:00:00,Room_1,27.89,57.43,2513
2024-04-14 00:00:00,Room_1,29.12,56.46,2496
2024-04-14 01:00:00,Room_1,27.28,62.26,2625
2024-04-14 02:00:00,Room_1,26.04,58.44,2651
2024-04-14 03:00:00,Room_1,30.6,60.59,2557
2024-04-14 04:00:00,Room_1,30.0,55.71,2588
2024-04-14 05:00:00,Room_1,30.81,55.96,2598
2024-04-14 06:00:00,Room_1,33.93,54.38,2527
2024-04-14 07:00:00,Room_1,30.97,53.54,2573
2024-04-14 08:00:00,Room_1,30.86,57.01,2502
2024-04-14 09:00:00,Room_1,31.55,58.83,2423
2024-04-14 10:00:00,Room_1,32.46,53.61,2605
2024-04-14 11:00:00,Room_1,31.07,55.73,2512
2024-04-14 12:00:00,Room_1,33.57,54.44,2698
2024-04-14 13:00:00,Room_1,30.84,54.79,2542
2024-04-14 14:00:00,Room_1,33.57,57.93,2581
2024-04-14 15:00:00,Room_1,31.0,55.72,2577
2024-04-14 16:00:00,Room_1,35.97,57.42,2661
2024-04-14 17:00:00,Room_1,30.76,54.09,2609
2024-04-14 18:00:00,Room_1,31.92,57.12,2516
2024-04-14 19:00:00,Room_1,30.1,61.92,2640
2024-04-14 20:00:00,Room_1,27.63,56.46,2512
2024-04-14 21:00:00,Room_1,27.06,60.83,2508
2024-04-14 22:00:00,Room_1,29.27,59.62,2596
2024-04-14 23:00:00,Room_1,24.1,58.24,2565
2024-04-15 00:00:00,Room_1,26.54,60.94,2609
2024-04-15 01:00:00,Room_1,29.41,58.45,2524
2024-04-15 02:00:00,Room_1,26.4,61.9,2512
2024-04-15 03:00:00,Room_1,25.4,60.87,2567
2024-04-15 04:00:00,Room_1,26.7,57.84,2501
2024-04-15 05:00:00,Room_1,31.31,57.19,2534
2024-04-15 06:00:00,Room_1,33.78,56.71,2509
2024-04-15 07:00:00,Room_1,31.5,55.28,2537
2024-04-15 08:00:00,Room_1,35.19,56.55,2697
2024-04-15 09:00:00,Room_1,35.79,56.8,2445
2024-04-15 10:00:00,Room_1,33.93,58.08,2560
2024-04-15 11:00:00,Room_1,33.05,53.97,2646
2024-04-15 12:00:00,Room_1,31.09,56.48,2574
2024-04-15 13:00:00,Room_1,29.24,55.87,2638
2024-04-15 14:00:00,Room_1,33.75,56.53,2669
2024-04-15 15:00:00,Room_1,28.87,60.9,2526
2024-04-15 16:00:00,Room_1,34.58,54.62,2685
2024-04-15 17:00:00,Room_1,32.7,57.73,2543
2024-04-15 18:00:00,Room_1,32.82,60.17,2483
2024-04-15 19:00:00,Room_1,26.07,59.3,2638
2024-04-15 20:00:00,Room_1,23.54,58.14,2622
2024-04-15 21:00:00,Room_1,25.95,58.56,2492
2024-04-15 22:00:00,Room_1,26.35,58.69,2713
2024-04-15 23:00:00,Room_1,28.81,57.79,2583
2024-04-16 00:00:00,Room_1,23.57,56.25,2714
2024-04-16 01:00:00,Room_1,24.15,62.32,2433
2024-04-16 02:00:00,Room_1,26.7,59.03,2729
2024-04-16 03:00:00,Room_1,25.55,59.36,2559
2024-04-16 04:00:00,Room_1,28.12,56.69,2628
2024-04-16 05:00:00,Room_1,29.54,54.89,2611
2024-04-16 06:00:00,Room_1,31.69,58.54,2456
2024-04-16 07:00:00,Room_1,32.28,55.37,2626
2024-04-16 08:00:00,Room_1,32.68,59.28,2553
2024-04-16 09:00:00,Room_1,34.22,52.54,2704
2024-04-16 10:00:00,Room_1,29.05,53.03,2581
2024-04-16 11:00:00,Room_1,30.54,59.73,2615
2024-04-16 12:00:00,Room_1,34.43,58.02,2439
2024-04-16 13:00:00,Room_1,35.52,56.51,2491
2024-04-16 14:00:00,Room_1,31.64,58.5,2582
2024-04-16 15:00:00,Room_1,35.89,60.88,2680
2024-04-16 16:00:00,Room_1,31.62,61.38,2658
2024-04-16 17:00:00,Room_1,34.4,52.85,2684
2024-04-16 18:00:00,Room_1,32.31,60.79,2550
2024-04-16 19:00:00,Room_1,32.57,54.52,2483
2024-04-16 20:00:00,Room_1,25.18,55.23,2573
2024-04-16 21:00:00,Room_1,27.5,58.31,2502
2024-04-16 22:00:00,Room_1,23.89,61.24,2584
2024-04-16 23:00:00,Room_1,27.26,54.34,2478
2024-04-17 00:00:00,Room_1,27.84,56.85,2634
2024-04-17 01:00:00,Room_1,28.74,55.71,2720
2024-04-17 02:00:00,Room_1,25.81,59.86,2590
2024-04-17 03:00:00,Room_1,24.94,57.09,2558
2024-04-17 04:00:00,Room_1,28.48,59.86,2503
2024-04-17 05:00:00,Room_1,29.22,60.6,2649
2024-04-17 06:00:00,Room_1,31.39,56.91,2501
2024-04-17 07:00:00,Room_1,29.5,53.41,2619
2024-04-17 08:00:00,Room_1,32.32,57.97,2555
2024-04-17 09:00:00,Room_1,31.73,57.43,2640
2024-04-17 10:00:00,Room_1,35.29,59.44,2560
2024-04-17 11:00:00,Room_1,32.01,55.62,2688
2024-04-17 12:00:00,Room_1,33.31,62.12,2642
2024-04-17 13:00:00,Room_1,35.18,58.76,2484
2024-04-17 14:00:00,Room_1,33.83,53.03,2529
2024-04-17 15:00:00,Room_1,32.6,57.27,2707
2024-04-17 16:00:00,Room_1,31.94,58.83,2492
2024-04-17 17:00:00,Room_1,31.25,58.53,2540
2024-04-17 18:00:00,Room_1,33.58,56.25,2526
2024-04-17 19:00:00,Room_1,25.8,59.92,2667
2024-04-17 20:00:00,Room_1,28.61,60.67,2656
2024-04-17 21:00:00,Room_1,29.02,57.43,2560
2024-04-17 22:00:00,Room_1,29.42,56.18,2551
2024-04-17 23:00:00,Room_1,25.23,58.23,2486
2024-04-18 00:00:00,Room_1,24.47,57.13,2624
2024-04-18 01:00:00,Room_1,29.14,59.78,2670
2024-04-18 02:00:00,Room_1,26.73,57.02,2649
2024-04-18 03:00:00,Room_1,22.27,56.89,2535
2024-04-18 04:00:00,Room_1,24.55,56.34,2560
2024-04-18 05:00:00,Room_1,31.86,61.88,2649
2024-04-18 06:00:00,Room_1,31.91,51.72,2726
2024-04-18 07:00:00,Room_1,31.59,54.12,2495
2024-04-18 08:00:00,Room_1,33.43,56.13,2637
2024-04-18 09:00:00,Room_1,30.31,56.3,2501
2024-04-18 10:00:00,Room_1,34.29,56.1,2602
2024-04-18 11:00:00,Room_1,29.47,54.01,2628
2024-04-18 12:00:00,Room_1,30.13,54.1,2619
2024-04-18 13:00:00,Room_1,32.63,58.11,2624
2024-04-18 14:00:00,Room_1,34.32,59.82,2782
2024-04-18 15:00:00,Room_1,32.64,54.71,2400
2024-04-18 16:00:00,Room_1,31.13,56.67,2516
2024-04-18 17:00:00,Room_1,37.14,58.44,2546
2024-04-18 18:00:00,Room_1,31.87,57.9,2610
2024-04-18 19:00:00,Room_1,23.26,58.52,2586
2024-04-18 20:00:00,Room_1,25.1,62.6,2634
2024-04-18 21:00:00,Room_1,22.1,61.9,2589
2024-04-18 22:00:00,Room_1,24.92,62.16,2551
2024-04-18 23:00:00,Room_1,23.51,58.19,2557
2024-04-19 00:00:00,Room_1,32.18,54.61,2659
2024-04-19 01:00:00,Room_1,24.91,55.59,2474
2024-04-19 02:00:00,Room_1,32.82,58.57,2582
2024-04-19 03:00:00,Room_1,26.26,58.28,2577
2024-04-19 04:00:00,Room_1,26.92,58.71,2744
2024-04-19 05:00:00,Room_1,28.28,58.94,2567
2024-04-19 06:00:00,Room_1,32.31,55.21,2625
2024-04-19 07:00:00,Room_1,35.14,58.56,2622
2024-04-19 08:00:00,Room_1,34.4,56.74,2462
2024-04-19 09:00:00,Room_1,36.06,56.51,2605
2024-04-19 10:00:00,Room_1,35.77,61.63,2686
2024-04-19 11:00:00,Room_1,30.25,52.97,2523
2024-04-19 12:00:00,Room_1,31.75,58.56,2646
2024-04-19 13:00:00,Room_1,30.26,57.72,2629
2024-04-19 14:00:00,Room_1,32.46,56.66,2642
2024-04-19 15:00:00,Room_1,29.91,53.2,2607
2024-04-19 16:00:00,Room_1,35.22,53.64,2759
2024-04-19 17:00:00,Room_1,30.03,55.63,2589
2024-04-19 18:00:00,Room_1,30.81,60.1,2606
2024-04-19 19:00:00,Room_1,29.95,56.13,2612
2024-04-19 20:00:00,Room_1,28.53,54.72,2580
2024-04-19 21:00:00,Room_1,26.87,56.4,2668
2024-04-19 22:00:00,Room_1,29.4,61.71,2630
2024-04-19 23:00:00,Room_1,29.02,56.19,2564
2024-04-20 00:00:00,Room_1,30.68,55.29,2652
2024-04-20 01:00:00,Room_1,26.69,55.65,2496
2024-04-20 02:00:00,Room_1,29.03,56.56,2602
2024-04-20 03:00:00,Room_1,28.08,61.56,2535
2024-04-20 04:00:00,Room_1,28.39,54.94,2600
2024-04-20 05:00:00,Room_1,25.3,56.73,2635
2024-04-20 06:00:00,Room_1,33.14,55.88,2585
2024-04-20 07:00:00,Room_1,33.92,54.38,2700
2024-04-20 08:00:00,Room_1,35.26,53.56,2513
2024-04-20 09:00:00,Room_1,35.22,51.91,2563
2024-04-20 10:00:00,Room_1,35.21,56.33,2625
2024-04-20 11:00:00,Room_1,33.37,54.98,2515
2024-04-20 12:00:00,Room_1,34.26,56.55,2559
2024-04-20 13:00:00,Room_1,37.68,53.37,2572
2024-04-20 14:00:00,Room_1,30.19,52.85,2598
2024-04-20 15:00:00,Room_1,34.73,52.86,2559
2024-04-20 16:00:00,Room_1,30.37,55.43,2562
2024-04-20 17:00:00,Room_1,34.98,56.51,2635
2024-04-20 18:00:00,Room_1,32.87,55.46,2634
2024-04-20 19:00:00,Room_1,25.89,55.61,2596
2024-04-20 20:00:00,Room_1,24.36,61.23,2604
2024-04-20 21:00:00,Room_1,24.14,58.06,2630
2024-04-20 22:00:00,Room_1,27.77,59.81,2571
2024-04-20 23:00:00,Room_1,24.49,60.02,2619
2024-04-21 00:00:00,Room_1,27.2,58.5,2526
2024-04-21 01:00:00,Room_1,26.22,62.62,2687
2024-04-21 02:00:00,Room_1,28.43,55.92,2587
2024-04-21 03:00:00,Room_1,25.27,61.08,2560
2024-04-21 04:00:00,Room_1,23.52,62.76,2497
2024-04-21 05:00:00,Room_1,26.95,54.75,2487
2024-04-21 06:00:00,Room_1,33.26,59.12,2629
2024-04-21 07:00:00,Room_1,33.57,51.36,2610
2024-04-21 08:00:00,Room_1,33.22,57.06,2657
2024-04-21 09:00:00,Room_1,36.28,55.3,2612
2024-04-21 10:00:00,Room_1,30.29,54.52,2484
2024-04-21 11:00:00,Room_1,34.35,53.84,2496
2024-04-21 12:00:00,Room_1,29.89,55.55,2555
2024-04-21 13:00:00,Room_1,32.63,55.79,2542
2024-04-21 14:00:00,Room_1,33.69,54.06,2685
2024-04-21 15:00:00,Room_1,28.84,50.92,2567
2024-04-21 16:00:00,Room_1,35.65,56.75,2473
2024-04-21 17:00:00,Room_1,35.62,57.39,2606
2024-04-21 18:00:00,Room_1,30.8,55.82,2711
2024-04-21 19:00:00,Room_1,25.63,58.82,2660
2024-04-21 20:00:00,Room_1,26.11,58.44,2545
2024-04-21 21:00:00,Room_1,31.63,63.59,2651
2024-04-21 22:00:00,Room_1,27.94,62.04,2576
2024-04-21 23:00:00,Room_1,28.17,55.47,2702
2024-04-22 00:00:00,Room_1,27.57,61.68,2515
2024-04-22 01:00:00,Room_1,28.6,58.7,2603
2024-04-22 02:00:00,Room_1,31.7,60.42,2625
2024-04-22 03:00:00,Room_1,26.99,57.7,2671
2024-04-22 04:00:00,Room_1,26.69,58.67,2660
2024-04-22 05:00:00,Room_1,28.77,59.63,2655
2024-04-22 06:00:00,Room_1,30.16,59.62,2577
2024-04-22 07:00:00,Room_1,35.75,58.09,2707
2024-04-22 08:00:00,Room_1,32.32,57.94,2595
2024-04-22 09:00:00,Room_1,34.54,52.79,2588
2024-04-22 10:00:00,Room_1,32.44,53.65,2609
2024-04-22 11:00:00,Room_1,31.19,59.51,2565
2024-04-22 12:00:00,Room_1,31.76,59.09,2766
2024-04-22 13:00:00,Room_1,31.15,53.46,2400
2024-04-22 14:00:00,Room_1,32.86,56.77,2576
2024-04-22 15:00:00,Room_1,28.38,55.02,2596
2024-04-22 16:00:00,Room_1,34.11,53.92,2565
2024-04-22 17:00:00,Room_1,32.42,58.79,2505
2024-04-22 18:00:00,Room_1,34.04,54.81,2644
2024-04-22 19:00:00,Room_1,26.89,53.6,2636
2024-04-22 20:00:00,Room_1,24.3,59.93,2570
2024-04-22 21:00:00,Room_1,27.94,60.76,2534
2024-04-22 22:00:00,Room_1,24.3,59.89,2657
2024-04-22 23:00:00,Room_1,28.98,55.97,2661
2024-04-23 00:00:00,Room_1,25.61,57.93,2505
2024-04-23 01:00:00,Room_1,29.05,59.6,2497
2024-04-23 02:00:00,Room_1,26.05,57.59,2563
2024-04-23 03:00:00,Room_1,24.94,56.51,2586
2024-04-23 04:00:00,Room_1,25.12,57.66,2531
2024-04-23 05:00:00,Room_1,27.38,61.01,2579
2024-04-23 06:00:00,Room_1,31.86,59.96,2602
2024-04-23 07:00:00,Room_1,34.09,58.7,2448
2024-04-23 08:00:00,Room_1,30.03,54.06,2692
2024-04-23 09:00:00,Room_1,30.85,55.61,2438
2024-04-23 10:00:00,Room_1,29.95,55.06,2458
2024-04-23 11:00:00,Room_1,36.33,61.23,2488
2024-04-23 12:00:00,Room_1,31.22,58.61,2540
2024-04-23 13:00:00,Room_1,34.32,56.93,2610
2024-04-23 14:00:00,Room_1,33.77,58.58,2546
2024-04-23 15:00:00,Room_1,27.4,58.16,2576
2024-04-23 16:00:00,Room_1,32.87,58.98,2655
2024-04-23 17:00:00,Room_1,30.83,55.63,2684
2024-04-23 18:00:00,Room_1,30.24,55.46,2696
2024-04-23 19:00:00,Room_1,27.86,59.12,2572
2024-04-23 20:00:00,Room_1,26.12,58.41,2666
2024-04-23 21:00:00,Room_1,28.91,58.44,2613
2024-04-23 22:00:00,Room_1,26.9,58.4,2603
2024-04-23 23:00:00,Room_1,26.89,56.2,2714
2024-04-24 00:00:00,Room_1,25.2,58.71,2594
2024-04-24 01:00:00,Room_1,30.6,60.68,2521
2024-04-24 02:00:00,Room_1,27.76,61.08,2595
2024-04-24 03:00:00,Room_1,27.79,57.42,2498
2024-04-24 04:00:00,Room_1,25.39,62.79,2526
2024-04-24 05:00:00,Room_1,26.03,56.24,2638
2024-04-24 06:00:00,Room_1,31.42,53.09,2676
2024-04-24 07:00:00,Room_1,32.48,59.86,2626
2024-04-24 08:00:00,Room_1,36.12,51.68,2526
2024-04-24 09:00:00,Room_1,32.43,60.38,2494
2024-04-24 10:00:00,Room_1,32.69,54.23,2682
2024-04-24 11:00:00,Room_1,32.25,59.12,2488
2024-04-24 12:00:00,Room_1,32.94,54.6,2644
2024-04-24 13:00:00,Room_1,32.56,58.48,2546
2024-04-24 14:00:00,Room_1,29.6,54.89,2503
2024-04-24 15:00:00,Room_1,33.82,52.82,2619
2024-04-24 16:00:00,Room_1,32.57,53.38,2581
2024-04-24 17:00:00,Room_1,33.49,61.76,2532
2024-04-24 18:00:00,Room_1,32.2,59.42,2474
2024-04-24 19:00:00,Room_1,29.14,57.9,2715
2024-04-24 20:00:00,Room_1,25.93,57.23,2522
2024-04-24 21:00:00,Room_1,30.59,59.3,2671
2024-04-24 22:00:00,Room_1,30.44,59.17,2498
2024-04-24 23:00:00,Room_1,29.66,58.1,2656
2024-04-25 00:00:00,Room_1,24.28,59.53,2729
2024-04-25 01:00:00,Room_1,30.96,56.12,2618
2024-04-25 02:00:00,Room_1,32.66,55.68,2583
2024-04-25 03:00:00,Room_1,30.97,57.1,2478
2024-04-25 04:00:00,Room_1,29.96,54.29,2661
2024-04-25 05:00:00,Room_1,25.14,57.47,2659
2024-04-25 06:00:00,Room_1,33.58,58.25,2507
2024-04-25 07:00:00,Room_1,33.66,58.09,2629
2024-04-25 08:00:00,Room_1,35.37,54.36,2614
2024-04-25 09:00:00,Room_1,30.84,51.79,2440
2024-04-25 10:00:00,Room_1,30.23,57.51,2551
2024-04-25 11:00:00,Room_1,33.28,51.82,2547
2024-04-25 12:00:00,Room_1,33.59,62.35,2601
2024-04-25 13:00:00,Room_1,36.37,53.68,2598
2024-04-25 14:00:00,Room_1,27.73,57.41,2585
2024-04-25 15:00:00,Room_1,30.37,54.78,2484
2024-04-25 16:00:00,Room_1,29.15,56.71,2549
2024-04-25 17:00:00,Room_1,36.0,59.28,2560
2024-04-25 18:00:00,Room_1,33.23,57.95,2582
2024-04-25 19:00:00,Room_1,24.77,61.5,2532
2024-04-25 20:00:00,Room_1,25.72,62.0,2482
2024-04-25 21:00:00,Room_1,26.16,61.76,2538
2024-04-25 22:00:00,Room_1,26.64,57.84,2498
2024-04-25 23:00:00,Room_1,26.15,59.2,2548
2024-04-26 00:00:00,Room_1,30.54,61.12,2581
2024-04-26 01:00:00,Room_1,27.94,60.61,2514
2024-04-26 02:00:00,Room_1,25.25,57.7,2518
2024-04-26 03:00:00,Room_1,29.89,55.61,2440
2024-04-26 04:00:00,Room_1,30.39,61.69,2479
2024-04-26 05:00:00,Room_1,26.06,60.55,2493
2024-04-26 06:00:00,Room_1,32.91,54.93,2489
2024-04-26 07:00:00,Room_1,34.57,60.95,2683
2024-04-26 08:00:00,Room_1,28.78,55.27,2762
2024-04-26 09:00:00,Room_1,31.45,57.55,2539
2024-04-26 10:00:00,Room_1,30.87,54.3,2693
2024-04-26 11:00:00,Room_1,30.96,57.68,2552
2024-04-26 12:00:00,Room_1,33.27,60.08,2653
2024-04-26 13:00:00,Room_1,31.22,53.16,2614
2024-04-26 14:00:00,Room_1,34.43,59.39,2605
2024-04-26 15:00:00,Room_1,33.72,55.33,2522
2024-04-26 16:00:00,Room_1,31.77,53.91,2612
2024-04-26 17:00:00,Room_1,31.02,57.24,2617
2024-04-26 18:00:00,Room_1,32.03,56.93,2602
2024-04-26 19:00:00,Room_1,28.33,60.62,2570
2024-04-26 20:00:00,Room_1,25.35,59.2,2655
2024-04-26 21:00:00,Room_1,28.99,59.31,2596
2024-04-26 22:00:00,Room_1,28.03,59.0,2699
2024-04-26 23:00:00,Room_1,23.83,60.29,2719
2024-04-27 00:00:00,Room_1,28.59,54.35,2575
2024-04-27 01:00:00,Room_1,25.15,58.61,2601
2024-04-27 02:00:00,Room_1,25.22,54.77,2520
2024-04-27 03:00:00,Room_1,28.32,55.67,2629
2024-04-27 04:00:00,Room_1,29.59,56.7,2644
2024-04-27 05:00:00,Room_1,28.26,57.11,2655
2024-04-27 06:00:00,Room_1,30.47,59.84,2597
2024-04-27 07:00:00,Room_1,33.03,58.73,2524
2024-04-27 08:00:00,Room_1,34.68,56.82,2718
2024-04-27 09:00:00,Room_1,31.86,58.94,2630
2024-04-27 10:00:00,Room_1,32.72,56.18,2611
2024-04-27 11:00:00,Room_1,32.81,56.97,2551
2024-04-27 12:00:00,Room_1,29.8,52.92,2542
2024-04-27 13:00:00,Room_1,33.05,53.76,2493
2024-04-27 14:00:00,Room_1,28.85,56.38,2577
2024-04-27 15:00:00,Room_1,32.7,55.58,2553
2024-04-27 16:00:00,Room_1,32.84,54.98,2713
2024-04-27 17:00:00,Room_1,29.19,56.44,2565
2024-04-27 18:00:00,Room_1,33.42,53.82,2507
2024-04-27 19:00:00,Room_1,25.76,61.33,2693
2024-04-27 20:00:00,Room_1,30.21,61.23,2713
2024-04-27 21:00:00,Room_1,28.68,55.0,2610
2024-04-27 22:00:00,Room_1,25.69,58.5,2400
2024-04-27 23:00:00,Room_1,25.84,59.94,2493
2024-04-28 00:00:00,Room_1,26.02,56.25,2508
2024-04-28 01:00:00,Room_1,29.93,59.26,2662
2024-04-28 02:00:00,Room_1,29.53,60.41,2544
2024-04-28 03:00:00,Room_1,28.96,55.9,2645
2024-04-28 04:00:00,Room_1,27.42,58.71,2651
2024-04-28 05:00:00,Room_1,26.57,62.12,2712
2024-04-28 06:00:00,Room_1,34.5,57.1,2545
2024-04-28 07:00:00,Room_1,31.09,58.61,2577
2024-04-28 08:00:00,Room_1,37.12,53.63,2567
2024-04-28 09:00:00,Room_1,31.91,56.16,2484
2024-04-28 10:00:00,Room_1,35.01,57.86,2562
2024-04-28 11:00:00,Room_1,31.85,58.19,2564
2024-04-28 12:00:00,Room_1,31.4,58.16,2544
2024-04-28 13:00:00,Room_1,34.38,59.19,2539
2024-04-28 14:00:00,Room_1,35.46,57.88,2565
2024-04-28 15:00:00,Room_1,29.02,58.48,2550
2024-04-28 16:00:00,Room_1,31.1,53.32,2800
2024-04-28 17:00:00,Room_1,32.79,61.64,2601
2024-04-28 18:00:00,Room_1,30.27,63.55,2637
2024-04-28 19:00:00,Room_1,26.94,59.07,2652
2024-04-28 20:00:00,Room_1,28.42,61.77,2453
2024-04-28 21:00:00,Room_1,24.5,59.08,2591
2024-04-28 22:00:00,Room_1,31.26,56.14,2642
2024-04-28 23:00:00,Room_1,26.47,55.61,2511
2024-04-29 00:00:00,Room_1,26.59,54.81,2590
2024-04-29 01:00:00,Room_1,26.11,56.17,2787
2024-04-29 02:00:00,Room_1,27.36,61.2,2616
2024-04-29 03:00:00,Room_1,22.75,61.49,2657
2024-04-29 04:00:00,Room_1,27.05,60.8,2619
2024-04-29 05:00:00,Room_1,25.63,57.58,2652
2024-04-29 06:00:00,Room_1,31.42,57.34,2559
2024-04-29 07:00:00,Room_1,30.44,55.06,2615
2024-04-29 08:00:00,Room_1,32.78,57.38,2546
2024-04-29 09:00:00,Room_1,32.2,57.95,2597
2024-04-29 10:00:00,Room_1,34.88,59.26,2699
2024-04-29 11:00:00,Room_1,34.22,53.42,2685
2024-04-29 12:00:00,Room_1,29.69,53.91,2567
2024-04-29 13:00:00,Room_1,34.14,54.76,2633
2024-04-29 14:00:00,Room_1,30.11,58.76,2800
2024-04-29 15:00:00,Room_1,31.16,55.05,2624
2024-04-29 16:00:00,Room_1,33.35,54.27,2508
2024-04-29 17:00:00,Room_1,33.91,57.06,2668
2024-04-29 18:00:00,Room_1,31.13,59.58,2689
2024-04-29 19:00:00,Room_1,28.25,58.61,2506
2024-04-29 20:00:00,Room_1,25.43,55.63,2579
2024-04-29 21:00:00,Room_1,22.73,56.76,2596
2024-04-29 22:00:00,Room_1,29.62,54.41,2618
2024-04-29 23:00:00,Room_1,28.45,60.71,2553
2024-04-30 00:00:00,Room_1,26.31,56.98,2572
2024-04-30 01:00:00,Room_1,26.6,56.9,2499
2024-04-30 02:00:00,Room_1,28.98,58.07,2733
2024-04-30 03:00:00,Room_1,24.97,57.52,2633
2024-04-30 04:00:00,Room_1,32.86,60.55,2688
2024-04-30 05:00:00,Room_1,27.79,57.69,2773
2024-04-30 06:00:00,Room_1,28.22,57.75,2560
2024-04-30 07:00:00,Room_1,32.37,54.04,2574
2024-04-30 08:00:00,Room_1,33.8,59.6,2580
2024-04-30 09:00:00,Room_1,32.76,55.03,2506
2024-04-30 10:00:00,Room_1,29.71,51.81,2510
2024-04-30 11:00:00,Room_1,36.43,52.77,2534
2024-04-30 12:00:00,Room_1,36.54,59.01,2550
2024-04-30 13:00:00,Room_1,28.53,59.99,2616
2024-04-30 14:00:00,Room_1,32.78,55.6,2515
2024-04-30 15:00:00,Room_1,29.02,56.83,2539
2024-04-30 16:00:00,Room_1,28.59,51.27,2569
2024-04-30 17:00:00,Room_1,30.75,54.14,2523
2024-04-30 18:00:00,Room_1,33.7,58.11,2565
2024-04-30 19:00:00,Room_1,27.9,59.08,2492
2024-04-30 20:00:00,Room_1,28.23,59.23,2587
2024-04-30 21:00:00,Room_1,27.42,57.98,2507
2024-04-30 22:00:00,Room_1,28.12,61.21,2522
2024-04-30 23:00:00,Room_1,26.22,59.08,2597
